Part Number,active_months,total_net_qty,total_sold_qty,total_return_qty,total_transactions,avg_monthly_net_qty,median_monthly_net_qty,max_monthly_net_qty,total_sale_value,total_profit,description,fr
MBN007603 014106,37,4233.0,4355.0,122.0,4441,114.4054054054054,108.0,227.0,60836.402895499996,46988.3682955,"SEAL RING,VLRUB",MB
LU481371111,37,43261.0,44058.0,797.0,3027,1169.2162162162163,1204.0,1970.0,1693937.2691189,1326165.7691189,MOBIL SUPER 3000XE 5W30 0.5,LU
MBN000000 00200864,37,3177.0,3229.0,52.0,2984,85.86486486486487,67.0,208.0,131736.5881205,49404.6224205,BATTERY,MB
MBA270 180 01 09,37,29359.0,29429.0,70.0,2802,793.4864864864865,592.0,4210.0,1243970.96544427,225411.06684427,#TS OIL FILTER ELEMENT,MB
MBA002 990 20 17,37,3059.0,3110.0,51.0,2771,82.67567567567568,67.0,312.0,158674.45391450002,79726.1302145,SCREW PLUG,MB
MBA166 830 02 18,37,4804.0,4854.0,50.0,2613,129.83783783783784,109.0,317.0,364124.4871422,136785.3515422,#DUST FILTER,MB
ZZSUND2,37,2513.0,2554.0,41.0,2595,67.91891891891892,72.0,135.0,638503.555681,638503.555681,Sundries/Consumables,ZZ
MBA205 835 01 47,37,3254.0,3293.0,39.0,2224,87.94594594594595,85.0,288.0,956352.3842049,363866.8112049,FINE PARTICLE FILTER,MB
CJ68191349AC,37,3035.0,3060.0,25.0,1778,82.02702702702703,72.0,160.0,85756.00702232,22540.05922232,OIL FILTER,CJ
MBA264 094 01 00,37,2210.0,2236.0,26.0,1583,59.729729729729726,57.0,128.0,377545.72579893,159240.49869893,AIR FILTER INSERT,MB
MBA254 184 06 00,37,2347.0,2366.0,19.0,1525,63.432432432432435,50.0,201.0,183840.849472,91525.109872,TS ENG. OIL FILTER INSERT,MB
MBA169 540 16 17,37,6356.0,6385.0,29.0,1459,171.78378378378378,156.0,675.0,225945.146807,50118.881907,BRAKE WEAR SENSOR,MB
MBA003 989 98 20/10,37,2929.0,2981.0,52.0,1445,79.16216216216216,73.0,160.0,275860.74050087,61841.32750087,028027/SEALANT,MB
MBA220 421 01 71,37,2747.0,2815.0,68.0,1438,74.24324324324324,68.0,141.0,60400.230805,40620.525305,SCREW,MB
LU481421111,37,21151.0,21578.0,427.0,1316,571.6486486486486,378.0,1394.0,740857.7137634,559336.8008634,MobilSuperSYNFMB5W40 drum208L,LU
MBA254 094 02 00,37,1246.0,1262.0,16.0,1244,33.67567567567568,28.0,88.0,183273.871756,80791.884156,AIR FILTER INSERT,MB
MBA654 094 00 04,37,1946.0,1968.0,22.0,1242,52.5945945945946,42.0,217.0,377456.39015868,146278.94895868,AIR FILTER INSERT,MB
MBA256 184 00 00,37,4650.0,4676.0,26.0,1231,125.67567567567568,116.0,346.0,266376.67507718,67285.59917718,TS OIL FILTER ELEMENT,MB
MBA000 159 05 00,37,27657.0,27733.0,76.0,1058,747.4864864864865,630.0,2260.0,1070433.78102188,195185.82832188,SPARK PLUG,MB
ZZLU641261802,37,1962.0,2037.0,75.0,1057,53.027027027027025,50.0,124.0,50757.369567,42971.208967,"GREASE, MOBILUX EP2",ZZ
MBA278 180 00 09,37,11725.0,11736.0,11.0,942,316.8918918918919,247.0,1027.0,749390.70741211,125703.20631211,027845/TS OIL FILTER ELEMENT,MB
MBA276 180 00 09,37,21609.0,21856.0,247.0,939,584.027027027027,534.0,1746.0,1077716.6058747,164086.8423747,TS OIL FILTER ELEMENT,MB
MBA002 989 06 03/12,37,2969.0,3023.0,54.0,910,80.24324324324324,73.0,212.0,366347.96443093,129483.42683093,TRANSMISSION FLUID,MB
MBA167 835 02 00,37,1775.0,1788.0,13.0,885,47.972972972972975,32.0,268.0,140319.508947,48678.104447,DUST FILTER,MB
MBA247 830 72 03,37,1008.0,1018.0,10.0,884,27.243243243243242,28.0,49.0,334318.360323,159469.788123,027970/FINE PARTICLE FILTER,MB
MBA025 997 18 45,37,3849.0,3873.0,24.0,823,104.02702702702703,93.0,272.0,131747.28363156,23254.68693156,O-RING,MB
MBA001 982 82 08/26,37,1774.0,1810.0,36.0,801,47.945945945945944,43.0,88.0,1560713.72884385,352129.63154385,028066/STARTER BATTERY,MB
MBA177 094 01 00/64,37,1592.0,1604.0,12.0,756,43.027027027027025,40.0,112.0,213096.4039866,57771.4401866,AIR FILTER INSERT,MB
MBN007603 012102,37,816.0,836.0,20.0,740,22.054054054054053,19.0,72.0,9706.329787499999,7079.9228875,"RING,GENERAL,METAL",MB
MBA177 094 00 00/64,37,1398.0,1410.0,12.0,729,37.78378378378378,31.0,162.0,192019.07673760998,55133.64503761,AIR FILTER INSERT,MB
MBA002 990 95 03,37,6759.0,6909.0,150.0,727,182.67567567567568,180.0,280.0,97962.3158125,66824.4453125,SCREW W RND. HEXAL. HEAD,MB
MBA463 830 11 02,37,1498.0,1511.0,13.0,720,40.486486486486484,29.0,218.0,94360.35003303,24501.58943303,028204/DUST FILTER,MB
MBA001 982 81 08/26,37,1382.0,1392.0,10.0,711,37.351351351351354,36.0,79.0,1113823.86120547,247013.83000547,#STARTER BATTERY,MB
MBA000 990 39 24,37,3871.0,4000.0,129.0,686,104.62162162162163,90.0,246.0,11321.014284500001,4347.6631845,SCREW WITH FEATURE,MB
MBA223 830 14 00,37,885.0,900.0,15.0,669,23.91891891891892,20.0,88.0,96025.42708183,41004.16018183,027084/DUST FILTER,MB
MBA725 271 21 01,37,639.0,654.0,15.0,668,17.27027027027027,17.0,27.0,49573.960076,24563.302776,OVERFLOW PIPE,MB
MBA725 270 37 07,37,1264.0,1276.0,12.0,596,34.16216216216216,28.0,214.0,866501.7760208601,217163.70492086,OIL SUMP,MB
MBA177 094 01 04,37,1549.0,1563.0,14.0,559,41.86486486486486,38.0,107.0,246705.3170605,93570.4054605,AIR FILTER INSERT,MB
MBA222 905 22 10/  0041,37,551.0,554.0,3.0,557,14.891891891891891,15.0,24.0,1219569.697951,655821.068051,028366/BP C05-KEY,MB
MBA254 159 00 00,37,5947.0,6019.0,72.0,543,160.72972972972974,132.0,599.0,244998.2245325,58683.4066325,SPARK PLUG,MB
MBA000 828 03 88,37,1687.0,1708.0,21.0,542,45.5945945945946,40.0,117.0,53289.479658,14081.070658,#BATTERY SET,MB
MBA002 989 06 03/13,37,3778.0,3788.0,10.0,526,102.10810810810811,70.0,416.0,1027252.610124,171093.373824,TRANSMISSION FLUID,MB
MBA274 094 01 04,37,1564.0,1570.0,6.0,522,42.270270270270274,42.0,128.0,220389.9448293,62437.8565293,#AIR FILTER INSERT,MB
MBA260 094 03 00,37,666.0,672.0,6.0,506,18.0,17.0,39.0,119314.286171,50844.686371,027390/AIR FILTER INSERT,MB
CJ68257030AA,37,606.0,610.0,4.0,504,16.37837837837838,15.0,54.0,34759.3,12771.1636,AIR FILTER(JL),CJ
CJ68218057GE,37,2602.0,2623.0,21.0,496,70.32432432432432,61.0,204.0,73963.204292,21136.301992,LIQUID AUTOMATIC TRANSMISSION AT,CJ
MBA222 830 04 18,37,938.0,956.0,18.0,493,25.35135135135135,20.0,73.0,480088.588832,171105.987132,COMBINATION FILTER,MB
MBA004 159 81 03,37,47715.0,47873.0,158.0,491,1289.5945945945946,1252.0,3300.0,1695907.5804648,236938.1786648,SPARK PLUG,MB
CJ68218890UB,37,9206.0,9234.0,28.0,490,248.8108108108108,172.0,1123.0,181934.94,36311.2092,OIL      5W20(1ltr bottle)(WS),CJ
MBA276 094 05 04,37,3056.0,3074.0,18.0,474,82.5945945945946,45.0,308.0,371672.46413274,95380.57173274,026406/AIR FILTER INSERT,MB
MBA000 997 38 07/64,37,1818.0,1832.0,14.0,472,49.13513513513514,45.0,268.0,11745.968557,2466.934857,027922/O-RING,MB
MBA281 180 02 10,37,1212.0,1217.0,5.0,472,32.75675675675676,27.0,77.0,69433.945301,27486.421601000002,OIL FILTER,MB
CJ68171066UA,37,5694.0,5702.0,8.0,455,153.8918918918919,144.0,405.0,199996.22333967,43211.270539670004,OIL      0W40 - 1 Liter,CJ
MBA278 094 00 04,37,3298.0,3314.0,16.0,438,89.13513513513513,78.0,283.0,359129.18114442,80258.78224442,AIR FILTER INSERT,MB
MBA282 094 00 04,37,664.0,668.0,4.0,437,17.945945945945947,14.0,49.0,100824.104675,40818.346875,027084/AIR FILTER INSERT,MB
MBA177 072 00 00,37,1637.0,1705.0,68.0,415,44.24324324324324,40.0,154.0,181110.93945499999,67570.023955,TS RETNG SPR. F INJECTOR,MB
MBA176 180 08 00,37,1542.0,1544.0,2.0,414,41.67567567567568,41.0,145.0,116986.33928988001,29515.06608988,TS OIL FILTER ELEMENT,MB
MBA220 271 03 80,37,10265.0,10275.0,10.0,406,277.43243243243245,229.0,888.0,474190.5362525,66079.5189525,ELASTOMER MOLDED SEAL,MB
MBA021 997 97 45,37,388.0,399.0,11.0,399,10.486486486486486,10.0,24.0,31703.63361975,8784.11141975,O-RING,MB
MBA177 180 55 00,37,1090.0,1099.0,9.0,398,29.45945945945946,22.0,116.0,75652.89806,20502.07326,"027435/PARTS KIT, ENG. OIL FILT.",MB
MBA000 420 31 05/64,37,3333.0,3337.0,4.0,395,90.08108108108108,67.0,340.0,1153032.72983244,164180.75513244,028115/DISK BRAKE PAD,MB
CJ04893803AA,37,420.0,433.6,13.6,392,11.35135135135135,11.0,25.0,9164.378,2396.8263,SEAL NONE,CJ
MBA000 420 10 06,37,3819.0,3826.0,7.0,372,103.21621621621621,80.0,347.0,1832483.52554145,243393.28474144998,028115/DISK BRAKE PAD,MB
CJ68535621AA,37,552.0,555.0,3.0,371,14.91891891891892,12.0,40.0,9919.11,2950.6045,AIR FILTER CABIN AIR,CJ
MBA001 982 80 08/26,37,672.0,676.0,4.0,366,18.16216216216216,17.0,45.0,460103.72239187,109159.80659187,#STARTER BATTERY,MB
CJ04318067GB,37,361.0,365.0,4.0,365,9.756756756756756,8.0,21.0,3905.89,1117.8256000000001,CLEANER  WINDSHIELD WASHE,CJ
MBA000 420 92 03,37,1675.0,1679.0,4.0,362,45.270270270270274,40.0,157.0,445891.65858356,74411.73548356,028131/DISK BRAKE PAD,MB
MBA000 420 94 03,37,2085.0,2088.0,3.0,353,56.351351351351354,51.0,154.0,491548.25899299997,76858.003593,DISK BRAKE PAD,MB
MBA000 420 84 03,37,1392.0,1394.0,2.0,346,37.62162162162162,32.0,158.0,466734.3372429,81238.6087429,028131/DISK BRAKE PAD,MB
MBA278 200 09 00,37,1784.0,1788.0,4.0,335,48.21621621621622,46.0,127.0,234323.147555,39248.941755,COOLANT LINE,MB
MBA725 270 31 14,37,1230.0,1243.0,13.0,335,33.24324324324324,25.0,221.0,679023.50567685,128344.15467685,OIL PAN,MB
MBA211 540 17 17,37,1915.0,1916.0,1.0,332,51.75675675675676,29.0,255.0,59280.24886612,11876.78476612,BRAKEPAD WEAR SENSOR,MB
MBA002 982 05 08/26,37,870.0,872.0,2.0,332,23.513513513513512,17.0,99.0,795453.8755324,156232.2240324,ELECTRICAL SYSTEM BATTERY,MB
MBA205 820 45 03,37,680.0,684.0,4.0,324,18.37837837837838,14.0,76.0,103510.74501487,26449.96461487,RS WIPER BLADE,MB
MBA177 010 37 08,37,492.0,501.0,9.0,324,13.297297297297296,10.0,45.0,232940.62671125,40556.74071125,028067/CRANKCASE COVER,MB
MBA000 420 78 03,37,1424.0,1426.0,2.0,318,38.486486486486484,29.0,187.0,364071.959363,65916.037163,DISK BRAKE PAD,MB
MBA000 993 39 00,37,1632.0,1632.0,0.0,311,44.108108108108105,42.0,108.0,130829.457872,21126.070072,POLY-V-BELT,MB
MBA002 990 96 17,37,432.0,445.0,13.0,303,11.675675675675675,12.0,21.0,3116.21628916,1151.93778916,SCREW PLUG,MB
MBA213 820 36 04,37,637.0,639.0,2.0,300,17.216216216216218,14.0,52.0,106899.9318786,26862.7960786,028352/RS WIPER BLADE,MB
MBA000 990 39 25,37,880.0,912.0,32.0,291,23.783783783783782,20.0,80.0,5193.599492,1395.878692,SCREW WITH FEATURE,MB
CJ04318080GD,37,589.0,601.0,12.0,287,15.91891891891892,14.0,38.0,19334.338312,9930.773912,LIQUID BRAKE(COOP),CJ
MBA000 010 03 01/64,37,7717.0,7718.0,1.0,286,208.56756756756758,180.0,583.0,44919.31174695,7051.62214695,027577/FILLER CAP,MB
MBN000000 006365,37,2523.0,2641.0,118.0,285,68.1891891891892,59.0,201.0,51785.4508605,34476.0516605,HEXALOBULAR BOLT,MB
MBA278 200 13 00,37,1517.0,1535.0,18.0,274,41.0,38.0,137.0,234900.127736,38185.503336,COOLANT LINE,MB
MBA024 997 10 45,37,962.0,973.0,11.0,270,26.0,16.0,210.0,12741.1044545,2487.4819545,O-RING,MB
MBA000 997 57 11,37,431.0,436.0,5.0,269,11.64864864864865,6.0,103.0,3157.1209555,694.0369555,O-RING,MB
MBA001 997 72 41,37,296.0,304.0,8.0,269,8.0,6.0,30.0,2935.9256145,721.3876145,SEAL RING,MB
MBA004 990 11 03,37,235.0,249.75,14.75,262,6.351351351351352,6.0,15.0,6302.19337425,2154.49317425,SCREW WITH FEATURE,MB
MBA000 420 95 03,37,1177.0,1179.0,2.0,255,31.81081081081081,27.0,118.0,288899.0357513,44443.0133513,DISK BRAKE PAD,MB
MBA278 203 12 17,37,916.0,918.0,2.0,254,24.756756756756758,24.0,76.0,121832.94836,20684.70276,VENT LINE,MB
MBA000 423 18 12,37,875.0,887.0,12.0,250,23.64864864864865,18.0,88.0,236720.977406,56030.760605999996,BOND BRAKE DISC,MB
MBN000000 001144,37,3149.0,3262.0,113.0,248,85.10810810810811,76.0,300.0,14132.10879075,3153.97359075,027551/HEXALOBULAR BOLT,MB
MBA000 997 62 32,37,633.0,639.0,6.0,247,17.10810810810811,15.0,56.0,5193.28889325,1938.11429325,SCREW PLUG,MB
MBA000 997 64 20,37,1964.0,1970.0,6.0,245,53.08108108108108,32.0,220.0,15055.1056778,2619.1284778,027922/CAP,MB
MBA278 184 00 80,37,1337.0,1338.0,1.0,240,36.13513513513514,34.0,89.0,50902.8270225,8214.0574225,027880/SEAL WITH CARRIER FRAME,MB
MBA004 159 49 03,37,22845.0,22875.0,30.0,239,617.4324324324324,482.0,1586.0,772635.861618,106876.534618,027809/SPARK PLUG,MB
MBA231 905 00 14,37,405.0,408.0,3.0,238,10.945945945945946,8.0,46.0,23836.647633,7399.240833,BRAKEPAD WEAR SENSOR,MB
MBA276 202 01 19,37,1554.0,1554.0,0.0,237,42.0,43.0,82.0,123878.406823,20512.718223,028186/GUIDE PULLEY,MB
MBA222 423 14 00,37,1479.0,1483.0,4.0,236,39.972972972972975,33.0,172.0,658373.82441,119100.95571,"31280043 / BRAKE DISK, VENTED",MB
MBA278 200 14 00,37,991.0,994.0,3.0,232,26.783783783783782,24.0,84.0,135386.264379,22211.953679,COOLANT LINE,MB
MBA000 420 90 04,37,1445.0,1455.0,10.0,230,39.054054054054056,38.0,122.0,399390.0365,56791.008200000004,028167/DISK BRAKE PAD,MB
MBA274 096 01 00/64,37,669.0,672.0,3.0,230,18.08108108108108,8.0,103.0,4703.9153335,758.7347335000001,METAL SEAL WITH BEAD,MB
MBA205 905 18 20/  0041,37,224.0,226.0,2.0,228,6.054054054054054,6.0,19.0,307143.198264,136824.969164,KEY,MB
MBA000 420 41 05,37,796.0,798.0,2.0,227,21.513513513513512,16.0,55.0,709018.27895847,114716.41435847,028100/DISK BRAKE PAD,MB
CJ68218925GC,37,2487.0,2529.0,42.0,226,67.21621621621621,71.0,180.0,150056.26,35247.001000000004,[STR] 091648/LIQUID AUTOMATIC TRANSMISSI,CJ
MBA003 993 55 96,37,1205.0,1206.0,1.0,226,32.567567567567565,30.0,92.0,104451.66706502,17415.41666502,POLY-V-BELT,MB
MBA278 184 02 80,37,2095.0,2096.0,1.0,223,56.62162162162162,34.0,291.0,39195.6036275,5522.1292275,028111/ELASTOMER MOLDED SEAL,MB
MBA000 998 65 90,37,1801.0,1806.0,5.0,222,48.67567567567568,41.0,135.0,26510.8802185,5011.2563185,CAP,MB
MBA270 052 13 00,37,304.0,307.0,3.0,222,8.216216216216216,6.0,49.0,3458.40920017,657.93180017,CHAIN SLIDING RAIL,MB
MBA278 200 21 52,37,1169.0,1189.0,20.0,214,31.594594594594593,26.0,87.0,54157.136885500004,8686.5298855,FEED LINE,MB
MBA278 201 00 00,37,1091.0,1094.0,3.0,211,29.486486486486488,29.0,114.0,27432.35300403,4424.53560403,"METAL SEAL, SINGLE LAYER",MB
MBA000 910 08 05,37,535.0,535.0,0.0,210,14.45945945945946,13.0,35.0,156288.6488,28385.747900000002,027197/TS HEIGHT ADJUSTMENT,MB
MBA002 997 33 86,37,659.0,718.0,59.0,206,17.81081081081081,15.0,66.0,8600.268462,5946.701562,PLUG,MB
CJ04861756AA,37,304.0,309.0,5.0,201,8.216216216216216,7.0,23.0,30098.19,6943.5088,FILTER AIR,CJ
MBA221 880 00 86,37,1704.0,1708.0,4.0,200,46.054054054054056,37.0,286.0,196512.8406,28005.2101,MERCEDES STAR,MB
MBA271 187 00 80,37,671.0,674.0,3.0,200,18.135135135135137,9.0,121.0,4767.09004222,703.29254222,ELASTOMER-MOLDED SEAL,MB
MBA222 501 41 25/64,37,710.0,712.0,2.0,199,19.18918918918919,16.0,54.0,66277.714661,12035.695261,VENT LINE,MB
MBA222 830 02 96,37,641.0,641.0,0.0,198,17.324324324324323,16.0,43.0,39001.754998,7538.585198,028027/HOSE LINE,MB
MBA278 201 01 03,37,2588.0,2592.0,4.0,194,69.94594594594595,52.0,217.0,42062.165613,6704.122913,024849/WATER PUMP COVER,MB
MBA275 180 00 09,37,834.0,858.0,24.0,193,22.54054054054054,12.0,106.0,48813.578,9203.0573,TS FILTER ELEMENT,MB
MBA000 421 23 12,37,529.0,537.0,8.0,191,14.297297297297296,12.0,62.0,492617.947264,149716.261664,027500/BOND BRAKE DISK,MB
MBA004 990 35 12,37,1146.0,1210.0,64.0,190,30.972972972972972,30.0,85.0,18671.470015,12143.097015,SCREW,MB
MBA000 817 26 05,37,374.0,387.0,13.0,189,10.108108108108109,9.0,29.0,25913.598252,5618.418352,COMPANY SIGN,MB
MBA274 150 86 02,37,367.0,372.0,5.0,185,9.91891891891892,8.0,40.0,20448.6666137,5187.2559137,ELECTRICAL WIRING HARNESS,MB
MBA000 991 41 40,37,2914.0,3040.0,126.0,180,78.75675675675676,62.0,265.0,5444.6948215,1813.2908215,026642/EXPANSION RIVET,MB
MBA000 353 13 73,37,186.0,193.0,7.0,180,5.027027027027027,5.0,15.0,7202.675882,2688.714182,COLLAR NUT,MB
MBA278 180 04 38,37,930.0,931.0,1.0,173,25.135135135135137,21.0,81.0,38775.1825,6560.0304,027880/OIL FILTER COVER,MB
MBA205 240 25 00,37,439.0,440.0,1.0,171,11.864864864864865,10.0,29.0,142280.65262,25447.47292,TRANSMISSION MOUNT,MB
MBA212 760 19 06,37,167.0,169.0,2.0,171,4.513513513513513,4.0,14.0,49201.455264000004,25538.754664,C05-MASTER KEY,MB
MBA222 500 08 49,37,501.0,504.0,3.0,168,13.54054054054054,11.0,50.0,128500.580826,24744.092526,026713/EXPANSION RESERVOIR,MB
MBA222 240 33 18,37,490.0,492.0,2.0,168,13.243243243243244,12.0,40.0,78807.622798,15538.687498,TRANSMISSION MOUNT,MB
MBA001 998 73 01,37,255.0,260.0,5.0,168,6.891891891891892,5.0,33.0,447.6509617,163.3106617,FORMED GROMMET,MB
MBA002 993 67 96,37,973.0,993.0,20.0,167,26.2972972972973,20.0,86.0,81327.2788,12719.2944,POLY-V-BELT,MB
MBA278 202 06 19,37,1143.0,1143.0,0.0,166,30.89189189189189,29.0,69.0,88627.5769,14929.2608,GUIDE PULLEY,MB
MBA000 905 21 02,37,570.0,576.0,6.0,166,15.405405405405405,16.0,40.0,147793.46666816,29769.18276816,FA-TIRE PRESSURE SENSOR,MB
MBA099 500 19 00,37,307.0,310.0,3.0,166,8.297297297297296,7.0,20.0,242034.1222,40041.8575,027177/FA-OIL COOLER,MB
MBA463 240 06 00,37,273.0,278.0,5.0,166,7.378378378378378,5.0,41.0,182622.5936745,38357.5235745,ENGINE MOUNT,MB
MBA278 090 49 82,37,475.0,477.0,2.0,165,12.837837837837839,12.0,41.0,86430.925947,14859.562947,027970/AIR INTAKE HOSE,MB
MBA000 420 92 04,37,1343.0,1343.0,0.0,164,36.2972972972973,30.0,118.0,433322.8644,58639.87,027500/DISK BRAKE PAD,MB
MBA003 993 57 96,37,775.0,775.0,0.0,164,20.945945945945947,19.0,49.0,66159.03425708,10344.49125708,028186/POLY-V-BELT,MB
CJ68088485GB,37,471.0,476.0,5.0,164,12.72972972972973,8.0,63.0,28193.9700136,7707.4907136,084628/LIQUID POWER STEERING,CJ
MBA274 200 09 00/80,37,673.0,675.0,2.0,162,18.18918918918919,14.0,65.0,361395.10684799997,51256.420948,COOLANT PUMP,MB
MBA009 997 29 72,37,1115.0,1117.0,2.0,160,30.135135135135137,23.0,83.0,6107.6398725,1233.2732725,027922/HOSE FITTING,MB
MBA230 830 00 84,37,839.0,839.0,0.0,160,22.675675675675677,23.0,51.0,157791.39868,25662.11338,027666/VALVE,MB
MBA463 240 05 00,37,266.0,271.0,5.0,160,7.1891891891891895,6.0,37.0,178245.4736745,37981.1333745,ENGINE MOUNT,MB
MBA026 997 67 45,37,2422.0,2426.0,4.0,157,65.45945945945945,56.0,140.0,44148.4842165,8868.0441165,027500/O-RING,MB
MBA270 096 01 80,37,973.0,977.0,4.0,157,26.2972972972973,20.0,56.0,78505.277772,22219.123072,024849/ELASTOMER MOLDED SEAL,MB
MBA222 501 55 91,37,432.0,439.0,7.0,157,11.675675675675675,11.0,33.0,61805.45,10342.1682,COOLANT FILLING HOSE,MB
MBA278 200 12 01/80,37,559.0,567.0,8.0,153,15.108108108108109,13.0,51.0,473295.4816,68001.4098,WATER PUMP,MB
MBA278 202 05 19,37,665.0,666.0,1.0,150,17.972972972972972,16.0,59.0,51225.1162,8796.7177,GUIDE PULLEY,MB
MBA278 010 04 31,37,365.0,368.0,3.0,147,9.864864864864865,10.0,22.0,88791.92396,14466.23196,HOUSING COVER W FITTING,MB
MBA274 200 34 00,37,431.0,434.0,3.0,145,11.64864864864865,10.0,29.0,204602.292054,32055.828254,THERMOSTAT,MB
MBA000 420 54 03,37,494.0,494.0,0.0,144,13.35135135135135,10.0,46.0,130666.144136,20931.077136,028549/DISK BRAKE PAD,MB
MBA205 240 08 00,37,334.0,334.0,0.0,144,9.027027027027026,8.0,26.0,135206.49290175,20875.92510175,027542/ENGINE MOUNT,MB
MBA099 500 03 00,37,290.0,290.0,0.0,144,7.837837837837838,7.0,21.0,174740.45,30004.8662,027879/FA-OIL COOLER,MB
MBA013 997 09 46,37,613.0,613.0,0.0,142,16.56756756756757,15.0,36.0,47091.776246,8234.627246,FA-RADIAL SHAFT SEALING RING,MB
MBA278 052 03 16,37,986.0,986.0,0.0,141,26.64864864864865,21.0,83.0,20097.84875777,3309.05245777,SLIDE RAIL,MB
MBA272 141 23 80,37,1155.0,1155.0,0.0,138,31.216216216216218,21.0,80.0,10715.1335932,1703.3490932,027551/GASKET,MB
MBA463 820 04 07,37,219.0,222.0,3.0,137,5.918918918918919,5.0,17.0,31300.80798959,8141.29238959,TS WIPER BLADE,MB
MBA000 899 02 00,37,296.0,296.0,0.0,136,8.0,6.0,29.0,81823.25508,17501.58608,BP-FLAKON - Agarwood,MB
MBA611 234 01 93,37,548.0,548.0,0.0,135,14.81081081081081,14.0,39.0,45971.9632,8118.1982,027880/TENSIONER PULLEY,MB
MBA000 905 61 02,37,423.0,423.0,0.0,132,11.432432432432432,10.0,30.0,24937.3329,4183.843,027571/TEMPERATURE SENSOR,MB
CJ04596198,37,375.0,381.0,6.0,131,10.135135135135135,7.0,32.0,24774.0,4231.689,RAD.CAP,CJ
MBA253 501 39 00,37,215.0,215.0,0.0,131,5.8108108108108105,5.0,12.0,45375.5986,8284.8795,VENT LINE,MB
MBA246 501 03 25,37,261.0,261.0,0.0,125,7.054054054054054,6.0,25.0,31664.05226938,5328.11076938,VENT LINE,MB
MBA270 200 22 00,37,293.0,293.0,0.0,119,7.918918918918919,6.0,21.0,126620.7112,22352.6586,THERMOSTAT,MB
MBA003 993 85 96,37,401.0,402.0,1.0,113,10.837837837837839,9.0,36.0,55651.298628000004,8736.186028,028131/POLY-V-BELT,MB
MBA000 420 89 03,37,455.0,456.0,1.0,103,12.297297297297296,9.0,54.0,111789.0571994,19374.7880994,027867/DISK BRAKE PAD,MB
MBA000 998 23 95,37,2984.0,2987.0,3.0,97,80.64864864864865,70.0,255.0,8142.08,1883.5108,ROTARY CATCH,MB
MBA000 420 89 04,37,296.0,296.0,0.0,92,8.0,6.0,45.0,74974.883642,12764.525242,028272/DISK BRAKE PAD,MB
MBA167 835 04 00,36,1007.0,1019.0,12.0,824,27.97222222222222,24.5,79.0,432929.678787,245881.672587,FINE PARTICLE FILTER,MB
ZZCEMCNAMEPLATES,36,744.0,783.0,39.0,817,20.666666666666668,13.0,60.0,24009.79594251,13482.11814251,EMC BADGE FOR VEHICLE,ZZ
MBA000 989 49 05/11,36,752.0,816.0,64.0,478,20.88888888888889,12.5,68.0,134708.06442846,40979.76972846,1-COMPONENT ADHESIVE,MB
MBA270 015 02 00,36,686.0,705.0,19.0,468,19.055555555555557,16.5,58.0,13154.14507559,3091.62867559,END COVER,MB
MBA001 989 52 03/10,36,1721.0,1727.0,6.0,390,47.80555555555556,43.5,132.0,159612.838966,54268.546966,TRANSM. OIL,MB
MBA000 990 84 19,36,1491.0,1543.0,52.0,366,41.416666666666664,40.5,91.0,15928.0509595,4303.5423595,SCREW WITH FEATURE,MB
MBA000 982 96 08/64,36,2210.0,2211.0,1.0,355,61.388888888888886,57.0,163.0,699779.25285923,110722.52305923,027570/ELECTRICAL SYSTEM BATTERY,MB
MBA023 997 65 45/65,36,757.0,769.0,12.0,336,21.02777777777778,17.5,49.0,13430.420129,3392.317229,027177/SECTIONAL SEALING RING,MB
MBA000 180 26 09,36,10549.0,10552.0,3.0,321,293.02777777777777,171.5,1226.0,485454.39542318,74042.67652318,#FILTER ELEMENT,MB
MBA210 501 06 15,36,4978.0,5013.0,35.0,315,138.27777777777777,129.0,387.0,377542.200174,56590.985373999996,026408/CAP,MB
MBB6 6 95 7516,36,2492.0,2493.0,1.0,309,69.22222222222223,101.5,163.0,109438.4224,46915.218,KEY RING BRUSSELS,MB
MBA221 353 03 72,36,286.0,290.75,4.75,301,7.944444444444445,8.0,15.0,5122.533373,1215.129873,NUT,MB
MBA222 421 51 00,36,1831.0,1835.0,4.0,284,50.861111111111114,35.0,158.0,925298.817914,161179.188014,"31280043 / BRAKE DISK, VENTED",MB
MBA222 905 81 11/  0041,36,279.0,279.0,0.0,279,7.75,7.0,13.0,431597.328383,175800.958583,BP KEY,MB
MBA222 899 06 00,36,378.0,380.0,2.0,257,10.5,9.0,29.0,92831.81940189,28619.96960189,028079/BP-FLAKON - Freeside Mood,MB
MBA003 993 72 96,36,1959.0,1960.0,1.0,237,54.416666666666664,50.0,136.0,232515.6322,35330.41,POLY-V-BELT,MB
CJ68163849GB,36,523.0,548.0,25.0,237,14.527777777777779,14.5,30.0,65323.71500642,25332.90030642,ANTIFREEZCOOLANT,CJ
MBA177 201 09 00,36,240.0,248.0,8.0,237,6.666666666666667,6.0,23.0,11145.51435348,2107.58275348,ELASTOMER MOLDED SEAL,MB
MBA270 159 06 00,36,16414.0,16420.0,6.0,234,455.94444444444446,395.0,1624.0,610972.5569985,90626.9360985,SPARK PLUG,MB
MBA022 997 98 48,36,194.0,204.0,10.0,234,5.388888888888889,5.5,12.0,3246.26276683,800.36076683,SEAL RING,MB
MBA099 766 06 00,36,218.0,221.0,3.0,224,6.055555555555555,5.5,13.0,65831.409846,34731.503246,C05-KEY MECHANIC,MB
MBA000 989 34 02/09,36,346.0,355.0,9.0,222,9.61111111111111,9.5,24.0,25231.36529366,8496.80579366,TRANSMISSION OIL,MB
MBA274 200 31 00,36,750.0,750.0,0.0,210,20.833333333333332,18.0,49.0,389504.481232,69058.149932,THERMOSTAT,MB
MBA000 997 62 20,36,840.0,843.0,3.0,208,23.333333333333332,14.5,95.0,10782.32880424,1971.77630424,027922/CAP,MB
MBA212 830 03 18,36,628.0,629.0,1.0,201,17.444444444444443,12.0,83.0,143950.20734,40007.53164,#COMBINATION FILTER,MB
MBA177 820 98 00,36,314.0,316.0,2.0,201,8.722222222222221,7.0,38.0,41149.99404614,11617.944546140001,TS WIPER BLADE,MB
MBA012 990 50 04,36,965.0,1037.0,72.0,200,26.805555555555557,24.0,80.0,10627.143118,2372.867118,CAP BOLT WITH SOCKET,MB
MBA725 997 00 46,36,396.0,400.0,4.0,193,11.0,8.5,38.0,14332.91592375,2958.50232375,027922/FA-RADIAL SHAFT SEALING RING,MB
MBA099 820 87 00,36,178.0,187.0,9.0,192,4.944444444444445,4.0,12.0,13127.56449475,5442.09129475,REFLECTING EMITTER,MB
MBA271 142 00 72,36,1118.0,1152.0,34.0,190,31.055555555555557,24.0,93.0,10954.58739808,2322.16829808,NUT,MB
MBA099 820 88 00,36,172.0,182.0,10.0,187,4.777777777777778,4.0,13.0,12698.71004215,5227.45944215,REFLECTING EMITTER,MB
MBA000 016 05 69/64,36,1377.0,1420.0,43.0,183,38.25,32.0,110.0,45390.6978326,9301.2708326,CYLINDER HEAD BOLT,MB
MBA213 980 01 64,36,260.0,260.0,0.0,181,7.222222222222222,7.0,14.0,41288.057087,10417.023987,PNEUMATIC SPRING,MB
MBA278 188 04 01,36,414.0,414.0,0.0,179,11.5,11.0,26.0,232119.81,37789.8174,027879/FA-OIL COOLER,MB
MBA003 993 53 96,36,673.0,675.0,2.0,178,18.694444444444443,18.0,48.0,24729.83964035,4584.34764035,POLY-V-BELT,MB
MBA276 094 00 04,36,1115.0,1163.0,48.0,177,30.97222222222222,23.0,150.0,132687.36918,23850.15568,#AIR FILTER INSERT,MB
MBA000 997 79 11,36,154.0,156.75,2.75,169,4.277777777777778,4.0,11.0,16689.467995,3363.594695,RADIAL SHAFT SEALING RING,MB
MBA177 906 02 06,36,861.0,865.0,4.0,167,23.916666666666668,21.0,87.0,641913.499391,99097.187491,026408/IGNITION COIL,MB
CJ06505411AA,36,945.0,990.0,45.0,165,26.25,26.5,78.0,17493.685536,5615.041936,PIN NONE,CJ
MBA000 420 98 03,36,628.0,639.0,11.0,165,17.444444444444443,14.5,71.0,153857.0031,22116.4921,DISK BRAKE PAD,MB
MBA276 200 03 70,36,409.0,410.0,1.0,161,11.36111111111111,10.0,34.0,114951.49446,18738.26876,028186/BELT TENSIONER,MB
MBA642 014 09 00/64,36,544.0,547.0,3.0,160,15.11111111111111,12.5,37.0,27956.725188,5532.697888,027875/PROFILE SEAL,MB
MBA264 200 03 01/80,36,324.0,326.0,2.0,159,9.0,7.5,21.0,196009.0696,30576.776700000002,027744/COOLANT PUMP,MB
MBA212 240 04 18,36,918.0,918.0,0.0,156,25.5,21.5,71.0,153678.689505,25363.455605,027880/ENGINE MOUNT,MB
MBA273 094 04 04,36,649.0,650.0,1.0,155,18.02777777777778,14.0,67.0,100189.183859,20973.429159,TS AIR FILTER INSERT,MB
MBA278 090 50 82,36,420.0,421.0,1.0,154,11.666666666666666,8.5,42.0,76839.297947,13769.612147,027970/AIR INTAKE HOSE,MB
MBA140 271 00 80,36,1828.0,1869.0,41.0,152,50.77777777777778,23.0,304.0,75405.566538,10999.800838,ELASTOMER MOLDED SEAL,MB
MBA213 240 72 00,36,209.0,210.0,1.0,152,5.805555555555555,5.0,14.0,94974.715409,24399.742609,026822/ENGINE MOUNT,MB
MBA273 010 08 14,36,474.0,474.0,0.0,151,13.166666666666666,12.0,40.0,89645.096495,14149.109595,028111/CRANKCASE COVER,MB
MBA222 240 50 17,36,274.0,276.0,2.0,149,7.611111111111111,6.0,21.0,207245.245508,42228.404708,ENGINE MOUNT,MB
MBA000 420 08 04,36,437.0,453.0,16.0,148,12.13888888888889,8.5,35.0,214254.68551888,40684.16601888,DISK BRAKE PAD,MB
MBA278 200 05 70,36,403.0,404.0,1.0,148,11.194444444444445,12.0,23.0,107148.07011,15737.65401,BELT TENSIONER,MB
MBA002 990 65 03,36,369.0,413.0,44.0,147,10.25,10.0,23.0,11545.790897,4724.506197,SCREW W RND. HEXAL. HEAD,MB
MBA133 188 00 01,36,271.0,271.0,0.0,144,7.527777777777778,6.5,24.0,171671.94,27596.5107,027542/FA-OIL COOLER,MB
MBA000 421 21 12,36,522.0,526.0,4.0,141,14.5,10.5,50.0,207721.970612,44100.074612,025522/BOND BRAKE DISK,MB
MBA000 995 60 10,36,438.0,450.0,12.0,139,12.166666666666666,6.5,52.0,3943.017831,1084.495131,HOSE CLAMP,MB
MBA000 153 18 00,36,283.0,283.0,0.0,139,7.861111111111111,6.5,19.0,67049.15,13510.905,027880/PRESSURE TRANSDUCER,MB
MBA002 993 11 96,36,783.0,783.0,0.0,138,21.75,18.5,95.0,40176.619632,6016.7795320000005,026407/POLY-V-BELT,MB
MBA274 202 00 19,36,619.0,619.0,0.0,137,17.194444444444443,15.0,50.0,49162.961712,8056.678312,GUIDE PULLEY,MB
MBA205 501 25 01,36,343.0,343.0,0.0,136,9.527777777777779,8.0,43.0,39675.1776,6379.6969,027536/VENT LINE,MB
MBA272 141 22 80,36,1169.0,1169.0,0.0,135,32.47222222222222,27.5,80.0,11004.68115208,1751.76005208,027551/GASKET,MB
MBA222 830 34 96,36,426.0,426.0,0.0,134,11.833333333333334,9.5,35.0,50657.330064,8828.741664000001,HOSE LINE,MB
CJSP225755AB,36,969.0,975.0,6.0,133,26.916666666666668,24.5,60.0,58340.979999999996,13630.2056,SPARK    NONE(WK/JL)COOP,CJ
MBA222 320 16 89,36,305.0,307.0,2.0,130,8.472222222222221,5.5,31.0,61899.211688,15083.128888,TORSION BAR LINKAGE,MB
MBA264 188 04 00,36,227.0,227.0,0.0,126,6.305555555555555,6.0,15.0,129773.311524,21593.333424,OIL COOLER,MB
MBA000 420 33 05,36,1262.0,1266.0,4.0,123,35.05555555555556,35.5,88.0,522441.16,69752.4647,026407/DISK BRAKE PAD,MB
MBA278 201 02 80,36,1261.0,1261.0,0.0,121,35.02777777777778,23.5,180.0,6169.1827085,904.8034084999999,ELASTOMER-MOLDED SEAL,MB
MBA271 200 23 52,36,1554.0,1554.0,0.0,119,43.166666666666664,33.0,182.0,38246.759844,5192.215744,COOLANT LINE,MB
MBA023 997 84 47/64,36,594.0,594.0,0.0,116,16.5,11.5,82.0,34626.11,5222.8055,028000/SEALING RING,MB
MBA222 501 51 01/64,36,206.0,206.0,0.0,116,5.722222222222222,5.0,17.0,64617.75,10619.7126,COOLANT HOSE,MB
MBA247 240 04 00,36,138.0,139.0,1.0,116,3.8333333333333335,3.0,8.0,34170.920197,7552.754597,PENDULUM SUPPORT,MB
MBA272 184 00 00,36,773.0,773.0,0.0,113,21.47222222222222,20.0,77.0,32906.620831,4996.260331,027880/ELASTOMERIC MOLDED SEAL,MB
MBA000 420 90 03,36,467.0,467.0,0.0,111,12.972222222222221,11.5,38.0,153045.1601,22276.3132,DISK BRAKE PAD,MB
MBA177 202 00 19,36,431.0,431.0,0.0,108,11.972222222222221,9.5,60.0,33487.1807,5505.849,GUIDE PULLEY,MB
MBA003 993 73 96,36,371.0,371.0,0.0,105,10.305555555555555,7.0,48.0,48766.179599,7966.426399,POLY-V-BELT,MB
MBA099 750 46 00,36,159.0,159.0,0.0,105,4.416666666666667,4.0,14.0,37932.737867,7234.661667,RELEASE HANDLE,MB
MBA000 993 44 00,36,215.0,216.0,1.0,102,5.972222222222222,5.0,30.0,9888.0116726,2286.4979726,027390/POLY-V-BELT,MB
MBA003 993 28 96,36,335.0,337.0,2.0,101,9.305555555555555,7.0,48.0,38362.41984016,6526.65844016,POLY-V-BELT,MB
MBA273 141 08 80,36,599.0,599.0,0.0,94,16.63888888888889,14.5,42.0,7117.1775,1118.3969,027880/GASKET,MB
MBA000 817 13 06,36,133.0,134.0,1.0,93,3.6944444444444446,2.5,12.0,12649.189316,3302.4237160000002,027605/COMPANY SIGN,MB
MBA222 980 00 64,36,191.0,191.0,0.0,87,5.305555555555555,4.0,19.0,12656.76,2295.85,027551/PNEUMATIC SPRING,MB
MBA000 420 79 03,36,181.0,181.0,0.0,87,5.027777777777778,4.0,21.0,60923.36244065,13632.17064065,028177/DISK BRAKE PAD,MB
MBA238 501 93 00,36,157.0,158.0,1.0,74,4.361111111111111,4.0,15.0,15955.43,2870.0936,COOLANT HOSE,MB
MBA000 989 63 08/13AAEW,35,37421.0,38476.0,1055.0,1064,1069.1714285714286,480.0,4711.0,3829984.88617,445514.28287,ENGINE OIL,MB
MBA254 835 01 00,35,826.0,836.0,10.0,826,23.6,22.0,64.0,274492.224114,114743.805014,FINE PARTICLE FILTER,MB
MBA463 835 28 00,35,1537.0,1579.0,42.0,703,43.91428571428571,40.0,218.0,245403.2245822,61564.7633822,028204/FINE PARTICLE FILTER,MB
MBA223 835 24 00,35,646.0,662.0,16.0,596,18.457142857142856,18.0,59.0,397965.524332,164890.847232,027084/FINE PARTICLE FILTER,MB
MBA470 180 03 09,35,523.0,536.0,13.0,331,14.942857142857143,14.0,33.0,73043.7,27758.8969,TS OIL FILTER ELEMENT,MB
MBA222 277 28 00,35,5303.0,5306.0,3.0,249,151.5142857142857,130.0,551.0,561369.41092778,75068.92992778,TRANSMISSION OIL FILTER,MB
LU510192081,35,18184.0,18898.0,714.0,239,519.5428571428571,486.0,1168.0,164293.26372535998,68810.26372536,.5L/MOBIL LUBE HD 85W140 (DRUM),LU
MBA177 078 54 00,35,177.0,185.0,8.0,205,5.057142857142857,5.0,10.0,109886.870482375,20713.937682375,026513/OIL SEPARATOR,MB
CJ68079487AB,35,238.0,244.0,6.0,202,6.8,7.0,17.0,13061.25,4872.4693,FILTER CABIN AIR,CJ
MBA177 078 55 00,35,176.0,184.0,8.0,200,5.0285714285714285,5.0,10.0,109111.38104371,20443.83234371,026513/OIL SEPARATOR,MB
CJ06506007AA,35,610.0,641.0,31.0,164,17.428571428571427,15.0,41.0,2934.16385274,1105.87925274,RIVET,CJ
MBA000 420 96 03,35,454.0,455.0,1.0,161,12.971428571428572,10.0,50.0,158947.183971,30502.267771,DISK BRAKE PAD,MB
MBA901 997 05 35,35,163.0,165.0,2.0,160,4.6571428571428575,5.0,10.0,1939.95830056,778.08520056,SEAL PLUG,MB
MBA171 540 06 17,35,1005.0,1007.0,2.0,159,28.714285714285715,22.0,193.0,59428.220255,12261.996055,#SENSOR,MB
MBA112 016 00 00,35,352.0,370.0,18.0,152,10.057142857142857,5.0,47.0,2611.3304829999997,547.664683,CIRCUMFERENTIAL GASKET,MB
MBA278 180 04 15,35,345.0,347.0,2.0,152,9.857142857142858,9.0,32.0,49628.250437,9371.430937,028143/HYD. DIRECT. CTRL. VALVE,MB
MBA238 501 94 00/64,35,262.0,263.0,1.0,150,7.485714285714286,6.0,21.0,22912.93,4518.6802,028266/BLEED LINE,MB
MBA276 905 10 00,35,1054.0,1054.0,0.0,147,30.114285714285714,31.0,64.0,177953.97,31396.1612,POSITION SENSOR,MB
MBA246 377 24 00,35,366.0,368.0,2.0,147,10.457142857142857,10.0,30.0,50159.757121,8944.889321,OIL FILTER,MB
MBA278 202 02 19,35,549.0,549.0,0.0,146,15.685714285714285,16.0,43.0,80947.2159,12661.3274,GUIDE PULLEY,MB
MBA000 420 04 04,35,277.0,290.0,13.0,146,7.914285714285715,5.0,26.0,94201.16973,21521.15933,DISK BRAKE PAD,MB
MBA246 371 07 80,35,328.0,331.0,3.0,145,9.371428571428572,8.0,22.0,19511.920029,4167.756329,FLANGE GASKET,MB
MBA222 271 00 97,35,212.0,221.0,9.0,141,6.057142857142857,4.0,23.0,3094.1825655000002,1702.0398655,OVERFLOW PIPE,MB
MBA000 506 10 00,35,252.0,254.0,2.0,140,7.2,6.0,23.0,26821.402703,5644.442803,SHUTOFF VALVE,MB
CJ06506293AA,35,196.0,225.0,29.0,139,5.6,4.0,30.0,4715.70842318,1819.11222318,PIN,CJ
MBA003 993 41 96,35,422.0,424.0,2.0,137,12.057142857142857,11.0,29.0,49732.742794339996,8877.38109434,POLY-V-BELT,MB
MBA213 980 02 64,35,225.0,225.0,0.0,137,6.428571428571429,6.0,15.0,34242.728696,7166.481796,PNEUMATIC SPRING,MB
MBA246 377 23 00,35,302.0,305.0,3.0,135,8.628571428571428,5.0,82.0,19938.060399,4166.519699,OIL FILTER ELEMENT,MB
MBA000 990 95 18,35,160.0,162.0,2.0,134,4.571428571428571,4.0,14.0,16964.41778,7994.32818,SCREW PLUG,MB
CJ05184296AH,35,2800.0,2888.0,88.0,133,80.0,60.0,242.0,72437.2,12209.371500000001,ARM      VALVE,CJ
MBA276 188 00 01,35,292.0,292.0,0.0,133,8.342857142857143,9.0,23.0,172352.4416,28138.4399,027879/FA-OIL COOLER,MB
MBA222 820 11 45,35,375.0,378.0,3.0,132,10.714285714285714,6.0,52.0,127581.42,20707.6936,TS WIPER BLADE,MB
MBA204 240 43 17/64,35,778.0,778.0,0.0,127,22.228571428571428,16.0,94.0,283821.096158,45630.280458,028045/ENGINE MOUNT,MB
MBA278 200 18 51,35,348.0,349.0,1.0,126,9.942857142857143,8.0,36.0,45101.0373,7581.0013,COOLANT LINE,MB
MBA157 200 00 00,35,573.0,573.0,0.0,124,16.37142857142857,15.0,46.0,80050.6604,12353.0408,COOLANT LINE,MB
MBA272 202 00 00,35,853.0,855.0,2.0,123,24.37142857142857,23.0,77.0,84430.2655,13084.1494,027084/GUIDE PULLEY,MB
MBA000 835 15 00,35,535.0,535.0,0.0,123,15.285714285714286,8.0,75.0,12833.599724,2808.533424,DUST FILTER,MB
MBA222 320 17 89,35,291.0,292.0,1.0,123,8.314285714285715,7.0,28.0,59165.277612,15188.590812,027551/TORSION BAR LINKAGE,MB
MBA166 820 10 45/28,35,281.0,283.0,2.0,123,8.028571428571428,6.0,41.0,43957.304738,8923.077438,027880/TS WIPER BLADE,MB
MBA166 333 00 00,35,772.0,772.0,0.0,122,22.057142857142857,14.0,115.0,44278.100042,10461.253842,026620/METAL BUSHING ELEMENT,MB
MBA004 159 76 03,35,2775.0,2779.0,4.0,121,79.28571428571429,40.0,324.0,105041.70019999999,17896.7855,SPARK PLUG,MB
MBA222 240 71 17,35,289.0,290.0,1.0,121,8.257142857142858,7.0,24.0,118228.372907,20217.304107,ENGINE MOUNT,MB
MBA278 200 08 00,35,322.0,324.0,2.0,120,9.2,8.0,26.0,36041.311473,6690.438773,COOLANT LINE,MB
MBA206 835 01 00,35,208.0,210.0,2.0,119,5.942857142857143,4.0,22.0,62153.36,23982.1016,FINE PARTICLE FILTER,MB
MBA204 870 31 58,35,868.0,868.0,0.0,118,24.8,20.0,88.0,62053.953378,12031.655078,SWITCH,MB
MBA278 200 08 15,35,407.0,412.0,5.0,118,11.628571428571428,7.0,50.0,251398.61925699998,41573.552657,028208/COOLANT THERMO. W HOUSING,MB
MBA271 180 05 09,35,3885.0,3886.0,1.0,116,111.0,63.0,705.0,149920.914,20224.5613,TS FILTER ELEMENT,MB
MBA270 200 08 00/80,35,746.0,746.0,0.0,116,21.314285714285713,7.0,223.0,338817.2311,43563.8957,COOLANT PUMP,MB
MBA270 180 05 00,35,258.0,264.0,6.0,115,7.371428571428571,6.0,21.0,96918.96,16243.6435,027861/OIL FILTER,MB
MBA278 188 02 01,35,196.0,196.0,0.0,113,5.6,5.0,12.0,111258.41,21130.750500000002,027551/OIL COOLER,MB
MBA213 240 07 00,35,165.0,165.0,0.0,109,4.714285714285714,4.0,14.0,74248.076248,18412.456448,027866/ENGINE MOUNT,MB
MBA001 989 85 03/13,35,1494.0,1519.0,25.0,108,42.68571428571428,18.0,624.0,120077.399948,24371.234848,TRANSMISSION OIL,MB
MBA166 423 07 00,35,308.0,312.0,4.0,107,8.8,6.0,32.0,134721.364504,30622.090204,"026713/BRAKE DISK, VENTED",MB
MBA166 240 58 17,35,261.0,262.0,1.0,107,7.457142857142857,5.0,41.0,121159.590045,33621.988845,027913/ENGINE MOUNT,MB
MBA177 070 31 00,35,182.0,185.0,3.0,107,5.2,3.0,20.0,10020.667637999999,2645.864638,FUEL HOSE,MB
MBA000 420 04 05,35,319.0,319.0,0.0,104,9.114285714285714,6.0,31.0,193582.930801,32980.728901,027913/DISK BRAKE PAD,MB
MBA270 094 00 04,35,394.0,394.0,0.0,103,11.257142857142858,8.0,55.0,42781.202025,9800.506525,AIR FILTER,MB
MBA222 501 42 91,35,190.0,190.0,0.0,103,5.428571428571429,5.0,12.0,26062.21,4433.8667,COOLANT HOSE,MB
MBA447 830 00 00,35,343.0,343.0,0.0,100,9.8,5.0,45.0,36800.753790610004,8056.21059061,COMBINATION FILTER,MB
MBA000 910 12 05,35,230.0,230.0,0.0,100,6.571428571428571,6.0,19.0,65950.5376,11573.3591,029019/TS HEIGHT ADJUSTMENT,MB
MBA278 050 48 00/64,35,178.0,178.0,0.0,100,5.085714285714285,4.0,16.0,48484.81,7384.6993999999995,CHAIN TENSIONER,MB
MBA024 997 63 45/64,35,129.0,131.0,2.0,98,3.6857142857142855,2.0,21.0,2815.13861,721.13961,O-RING,MB
MBA271 016 12 21,35,856.0,856.0,0.0,97,24.457142857142856,6.0,219.0,29636.425,4446.611,027521/SEAL FOR CYL. HEAD COVER,MB
MBA177 501 61 00,35,295.0,295.0,0.0,96,8.428571428571429,8.0,28.0,18160.67,3310.8105,COOLANT FILLING HOSE,MB
MBA166 500 10 91,35,221.0,221.0,0.0,94,6.314285714285714,6.0,17.0,45044.317364,8462.836664,VENT LINE,MB
CJ68383600AB,35,198.0,198.0,0.0,93,5.6571428571428575,4.0,16.0,15890.9,6979.1746,WIPER BLADE FRONT WIPER,CJ
MBA222 545 26 40,35,222.0,222.0,0.0,91,6.3428571428571425,6.0,17.0,16576.182099999998,2870.8824,BRACKET,MB
MBA008 981 43 25,35,341.0,348.0,7.0,89,9.742857142857142,7.0,30.0,24139.760000000002,3705.7848,BALL BEARING,MB
MBA274 188 02 00,35,172.0,172.0,0.0,85,4.914285714285715,4.0,14.0,100062.518315,15045.670315,FA-OIL COOLER,MB
MBA213 620 16 01,35,157.0,157.0,0.0,84,4.485714285714286,4.0,12.0,25668.5006,5080.1956,STRUT,MB
MBA124 869 02 72,35,630.0,630.0,0.0,83,18.0,10.0,122.0,8153.0,1454.4994000000002,027600/LATCH,MB
MBA276 074 01 80,35,331.0,332.0,1.0,73,9.457142857142857,6.0,46.0,8808.529942000001,1363.0643420000001,028111/PROFILE SEAL,MB
MBA000 989 63 08/11AAEW,34,491950.0,496071.0,4121.0,1550,14469.117647058823,12863.5,35767.0,9794807.478816,1028070.804216,ENGINE OIL,MB
MBA270 159 07 00,34,25800.0,25834.0,34.0,361,758.8235294117648,772.0,1602.0,976166.2078346,139116.5215346,SPARK PLUG,MB
CJ68218891UB,34,2927.0,2929.0,2.0,238,86.08823529411765,72.0,230.0,208672.7,41961.8539,OIL      5W20(4 LTR 4*4L)(WS),CJ
MBN000000 004039,34,707.0,714.0,7.0,181,20.794117647058822,17.5,101.0,168740.441968,31907.458167999997,BATTERY,MB
MBA177 201 03 00/64,34,163.0,172.0,9.0,181,4.794117647058823,3.0,30.0,4775.26331443,930.34001443,ELASTOMER MOLDED SEAL,MB
MBA000 998 49 85,34,388.0,429.0,41.0,173,11.411764705882353,11.0,25.0,3077.312736,1296.208736,DOWEL,MB
MBA000 990 75 06,34,157.0,172.0,15.0,169,4.617647058823529,5.0,13.0,4154.892897,1236.218697,SCREW WITH FEATURE,MB
MBA000 423 07 12,34,417.0,419.0,2.0,159,12.264705882352942,10.0,48.0,134803.215,41803.2848,026719/BOND BRAKE DISK,MB
MBA000 420 99 05,34,456.0,458.0,2.0,151,13.411764705882353,12.0,31.0,103174.79282723,17286.23002723,027500/DISK BRAKE PAD,MB
MBA016 997 51 46,34,164.0,166.0,2.0,146,4.823529411764706,4.0,18.0,14855.8955662,3658.2757662,RADI. SH. SEAL. RG W LIP,MB
MBA222 323 12 65,34,355.0,355.0,0.0,144,10.441176470588236,9.5,23.0,217667.04,34384.8496,TUBULAR TORSION BAR,MB
MBA221 277 02 00,34,3809.0,3809.0,0.0,142,112.02941176470588,81.5,274.0,386155.5,52620.1993,TRANSMISSION OIL FILTER,MB
MBA001 997 71 41,34,444.0,482.0,38.0,137,13.058823529411764,7.0,111.0,21884.938153,4214.967953,SEALING RING,MB
MBA222 869 02 72/64,34,438.0,453.0,15.0,137,12.882352941176471,11.0,45.0,22472.519207,4869.407907,CAP,MB
MBA167 820 92 01,34,363.0,368.0,5.0,133,10.676470588235293,4.0,87.0,57864.5433174,13221.9201174,TS WIPER BLADE,MB
MBA124 990 04 92,34,768.0,778.0,10.0,131,22.58823529411765,17.5,114.0,13096.9647615,8637.7266615,028109/EXPANSION RIVET,MB
MBA222 240 51 17,34,257.0,259.0,2.0,130,7.5588235294117645,5.5,24.0,190569.75,36719.6316,026408/ENGINE MOUNT,MB
MBA166 500 00 49,34,360.0,362.0,2.0,127,10.588235294117647,9.0,35.0,109710.154392,19733.466492,026408/EXPANSION RESERVOIR,MB
MBA253 240 10 00,34,257.0,257.0,0.0,124,7.5588235294117645,5.0,22.0,109933.464918,23890.148418,024849/ENGINE MOUNT,MB
MBA642 010 09 10,34,238.0,238.0,0.0,124,7.0,6.0,24.0,116902.6889,19818.6684,OIL PAN,MB
MBA222 820 13 45,34,217.0,220.0,3.0,123,6.382352941176471,5.0,18.0,40394.617135,9266.383035,TS WIPER BLADE,MB
MBA276 141 01 80,34,1949.0,1949.0,0.0,122,57.3235294117647,37.0,223.0,36496.05316992,5725.54276992,FLANGE GASKET,MB
MBA000 420 91 04,34,641.0,641.0,0.0,122,18.852941176470587,15.5,88.0,139072.95190841,20673.33710841,027809/DISK BRAKE PAD,MB
MBA274 200 02 56,34,458.0,458.0,0.0,122,13.470588235294118,10.0,54.0,30125.010609,4912.324409,COOLANT INLET CONNECTION,MB
MBA004 159 58 03,34,8978.0,8978.0,0.0,121,264.05882352941177,259.0,800.0,303703.257,40658.7337,026767/SPARK PLUG,MB
MBA205 240 09 00,34,322.0,323.0,1.0,120,9.470588235294118,9.0,29.0,128813.1773,19100.9566,027880/ENGINE MOUNT,MB
MBA222 501 28 25,34,289.0,290.0,1.0,118,8.5,6.0,29.0,23336.7325,4087.7876,VENT LINE,MB
MBA003 993 87 96,34,540.0,540.0,0.0,117,15.882352941176471,12.5,82.0,46001.5342,7115.0179,POLY-V-BELT,MB
MBA000 982 33 08/26,34,230.0,236.0,6.0,117,6.764705882352941,6.0,24.0,133016.7216,28840.2722,026435/STARTER BATTERY,MB
CJ68079589AA,34,136.0,143.3,7.3,117,4.0,3.0,13.0,6048.208,1298.4527,SEAL CRANKSHAFT OIL,CJ
MBA272 200 02 70,34,402.0,403.0,1.0,115,11.823529411764707,9.5,40.0,115752.708,17910.5783,BELT TENSIONER,MB
MBA171 470 09 90,34,712.0,718.0,6.0,114,20.941176470588236,15.0,99.0,167307.5223,24545.7538,FUEL FILTER UNIT,MB
MBA247 240 57 00,34,149.0,150.0,1.0,114,4.382352941176471,4.0,11.0,114098.857817,22946.352617,027970/ENGINE MOUNT,MB
MBA205 470 15 94,34,351.0,354.0,3.0,113,10.323529411764707,6.5,46.0,454800.89597,68717.43337,027970/FEED UNIT,MB
MBA276 150 02 86,34,241.0,241.0,0.0,113,7.088235294117647,6.0,23.0,12478.770842,2780.110642,ELECTRICAL WIRING HARNESS,MB
MBA278 016 01 25,34,194.0,194.0,0.0,110,5.705882352941177,5.0,20.0,43089.24653689,7034.99083689,CYLINDER HEAD GASKET,MB
MBA218 885 38 65,34,154.0,154.0,0.0,108,4.529411764705882,4.0,10.0,20889.3448,3653.5858,BASIC CARRIER FOR BUMPER,MB
MBA000 420 73 03,34,272.0,273.0,1.0,107,8.0,6.0,20.0,130463.5212139,23255.6254139,025056/DISK BRAKE PAD,MB
MBA223 824 02 00/64,34,204.0,206.0,2.0,107,6.0,4.0,26.0,86587.93863799999,25305.234038,TS WIPER BLADE,MB
MBA006 989 84 85/10,34,563.0,565.0,2.0,106,16.558823529411764,12.0,72.0,33817.423641,6289.250241,027880/ADHESIVE TAPE,MB
MBA222 240 00 00,34,258.0,258.0,0.0,106,7.588235294117647,6.5,20.0,71374.25,12009.8142,027197/TRANSMISSION MOUNT,MB
MBA260 200 29 00,34,192.0,194.0,2.0,105,5.647058823529412,5.0,14.0,47087.99291,8301.92681,THERMOSTAT,MB
MBA003 159 68 03,34,14756.0,14756.0,0.0,104,434.0,377.5,1157.0,152103.94,24062.0564,028038/SPARK PLUG,MB
MBA113 016 02 21,34,391.0,391.0,0.0,104,11.5,7.5,65.0,21127.907252,3090.892452,GASKET,MB
MBA001 990 60 36,34,569.0,587.0,18.0,102,16.735294117647058,13.0,43.0,13277.7613435,8761.6041435,SHEET METAL SCREW,MB
MBA000 420 12 05,34,453.0,459.0,6.0,101,13.323529411764707,10.0,53.0,212561.1911,32209.113400000002,DISK BRAKE PAD,MB
MBA000 817 62 03,34,276.0,277.0,1.0,101,8.117647058823529,7.0,19.0,29973.805765,6372.495565,COMPANY SIGN,MB
MBA205 323 07 17,34,257.0,257.0,0.0,100,7.5588235294117645,5.5,50.0,20774.4194,3354.223,027866/TORSION BAR LINKAGE,MB
MBA222 905 19 10/  0041,34,98.0,99.0,1.0,100,2.8823529411764706,2.0,8.0,205038.734594,109157.323594,KEY,MB
MBA222 810 12 00,34,302.0,302.0,0.0,99,8.882352941176471,8.5,21.0,36485.507723,6754.800523,MERCEDES STAR,MB
MBA222 240 72 17,34,242.0,243.0,1.0,99,7.117647058823529,5.5,30.0,98202.852907,16871.345307,028131/ENGINE MOUNT,MB
MBA260 016 02 00,34,140.0,140.0,0.0,97,4.117647058823529,3.0,14.0,24400.152388,4334.934288,CYLINDER HEAD GASKET,MB
MBA270 010 00 68,34,203.0,203.0,0.0,96,5.970588235294118,5.0,24.0,15568.845775,4016.778875,"024849/COVER, CRANKSHAFT SEALING",MB
MBA278 091 00 60,34,630.0,630.0,0.0,94,18.529411764705884,16.5,65.0,2913.891591,540.917591,028266/ELASTOMER MOLDED SEAL,MB
MBA221 501 37 84,34,465.0,465.0,0.0,94,13.676470588235293,10.0,43.0,63016.0214,10623.595,026408/HOSE,MB
MBA276 010 03 31,34,284.0,284.0,0.0,94,8.352941176470589,6.5,28.0,49422.3664,7270.7909,028131/HOUSING COVER W FITTING,MB
MBA000 053 51 58,34,1200.0,1200.0,0.0,93,35.294117647058826,29.5,103.0,55816.3575,9449.7634,FA-TS SEALING,MB
MBA013 997 19 46,34,159.0,161.75,2.75,93,4.676470588235294,2.5,18.0,13749.26737725,3242.78507725,027922/FA-RADIAL SHAFT SEALING RING,MB
MBA222 980 01 64,34,196.0,196.0,0.0,91,5.764705882352941,5.0,15.0,13812.69,2401.1537,027551/PNEUMATIC SPRING,MB
MBA000 420 46 04,34,363.0,363.0,0.0,89,10.676470588235293,7.0,44.0,142341.439,21598.8661,DISK BRAKE PAD,MB
MBA002 990 19 03,34,293.0,317.0,24.0,89,8.617647058823529,8.0,32.0,6630.584895,2810.434495,SCREW W RND. HEXAL. HEAD,MB
MBA204 427 00 20,34,196.0,196.0,0.0,89,5.764705882352941,5.0,16.0,6308.186,1206.4307,HANDLE,MB
MBA222 680 12 08,34,184.0,184.0,0.0,87,5.411764705882353,5.0,12.0,13637.790364,2410.491064,"COVER, MAJ. ASSY. COMP.",MB
MBA000 423 05 12,34,353.0,353.0,0.0,85,10.382352941176471,8.0,54.0,77985.96137,14888.17107,BOND BRAKE DISK,MB
MBA222 500 65 72,34,123.0,126.0,3.0,85,3.6176470588235294,3.0,10.0,35104.405,5860.7923,COOLANT PIPE,MB
MBA276 200 01 56,34,369.0,369.0,0.0,84,10.852941176470589,6.0,54.0,11935.285,1720.5441,COOLANT INLET CONNECTION,MB
MBA000 420 86 03,34,252.0,262.0,10.0,84,7.411764705882353,2.5,63.0,58772.88,9321.4334,DISK BRAKE PAD,MB
CJ68334863AA,34,100.0,100.0,0.0,84,2.9411764705882355,2.0,8.0,34594.25,5366.3335,SHOE KIT REAR DISC BRAKE,CJ
MBA274 184 01 80,34,419.0,419.0,0.0,82,12.323529411764707,10.0,61.0,8947.9773045,1410.2686045,027880/ELASTOMER MOLDED SEAL,MB
MBA463 820 05 45,34,176.0,176.0,0.0,81,5.176470588235294,3.0,23.0,17060.6259908,2977.6943908000003,TS WIPER BLADE,MB
MBA222 680 11 08,34,173.0,173.0,0.0,81,5.088235294117647,4.0,12.0,12792.273564,2210.763564,"COVER, MAJ. ASSY. COMP.",MB
MBA000 420 82 03,34,338.0,338.0,0.0,79,9.941176470588236,9.0,26.0,96178.52,14280.5024,028045/DISK BRAKE PAD,MB
MBA169 820 17 45,34,219.0,220.0,1.0,77,6.4411764705882355,3.0,50.0,8138.64542751,1721.54382751,WIPER BLADE,MB
MBA276 010 00 07,34,193.0,193.0,0.0,72,5.676470588235294,3.5,20.0,26255.415124,5901.189024,028161/CRANKCASE COVER,MB
MBA274 200 29 00,34,138.0,139.0,1.0,72,4.0588235294117645,2.5,28.0,35807.222768,5568.477468,BELT TENSIONER,MB
CJ68003701AD,34,133.0,134.0,1.0,72,3.911764705882353,3.0,15.0,45351.3,7028.4945,BRAKE    PAD-SET FRONT DISC,CJ
MBA246 501 05 01,34,85.0,85.0,0.0,71,2.5,2.0,7.0,105402.965,17594.1238,FA-RADIATOR MODULE,MB
MBA264 184 00 00,34,376.0,376.0,0.0,70,11.058823529411764,7.0,54.0,7901.1446,1128.0488,027645/ELASTOMER MOLDED SEAL,MB
CJ68052386AC,34,85.0,87.0,2.0,65,2.5,2.0,6.0,32353.45,5921.5147,[STR] 091463/BRAKE    PAD-SET REAR DISC,CJ
MBA271 052 14 16,34,1070.0,1070.0,0.0,64,31.470588235294116,15.0,270.0,6898.835999999999,948.56,028701/CHAIN SLIDING RAIL,MB
MBA000 989 18 08/09,33,28787.0,29231.0,444.0,1106,872.3333333333334,508.0,3239.0,816384.25751544,119663.73481544,028143/RADIATOR ANTIFREEZE,MB
CJ68218950UB,33,5068.0,5121.0,53.0,1065,153.57575757575756,159.0,355.0,154012.29673,12952.33573,OIL 0W20 1LTR,CJ
MBA725 271 61 00,33,579.0,594.0,15.0,600,17.545454545454547,17.0,35.0,5351.6427105,2198.1769105,GUIDE TUBE,MB
MBA270 052 15 00,33,236.0,244.0,8.0,317,7.151515151515151,6.0,20.0,1448.3387646,318.5609646,BEARING BOLT,MB
MBA622 017 00 00,33,291.0,295.0,4.0,298,8.818181818181818,6.0,22.0,1918.177578,898.337578,SEALING RING,MB
MBA000 991 36 04,33,4353.0,4493.0,140.0,278,131.9090909090909,140.0,240.0,37913.74805,17026.18295,CUPPED BLIND RIVET,MB
MBA166 333 09 14/64,33,784.0,786.0,2.0,277,23.757575757575758,16.0,217.0,53790.836263000005,10760.250662999999,ELAST. METAL BUSHING ELEM,MB
MBA023 997 62 45/64,33,607.0,618.0,11.0,244,18.393939393939394,15.0,85.0,20433.55511036,4680.30341036,SECTIONAL SEALING RING,MB
MBA201 997 22 81,33,1028.0,1083.0,55.0,223,31.151515151515152,20.0,160.0,4086.3909405,1104.0669404999999,027637/RETAINING GROMMET,MB
CJ68378949GA,33,506.0,512.0,6.0,191,15.333333333333334,14.0,35.0,83829.38,26886.0591,LUBRICANT,CJ
MBA140 277 00 95,33,2478.0,2502.0,24.0,178,75.0909090909091,52.0,325.0,104236.786232,14694.616732,#OIL FILTER,MB
CJ04318060GD,33,209.0,210.0,1.0,168,6.333333333333333,5.0,32.0,8125.3,4044.0546,LUBRICANTAXLE,CJ
MBA264 018 25 00,33,140.0,144.0,4.0,167,4.242424242424242,4.0,15.0,5737.90153228,1611.45823228,ELASTOMER MOLDED SEAL,MB
MBA000 982 86 04,33,165.0,169.0,4.0,165,5.0,4.0,13.0,92576.53212,33178.23222,SUPPORT BATTERY,MB
MBA473 180 08 09,33,366.0,372.0,6.0,153,11.090909090909092,7.0,87.0,44137.550245,12718.004345,TS FILTER PACKAGE,MB
MBA253 501 70 00,33,240.0,242.0,2.0,144,7.2727272727272725,6.0,15.0,50903.79998,11551.27988,VENT LINE,MB
CJ04884899AC,33,554.0,555.0,1.0,143,16.78787878787879,10.0,72.0,10758.7424814,2555.3427814,FILTER   ENGINE OIL,CJ
MBA205 997 02 46,33,159.0,162.0,3.0,142,4.818181818181818,4.0,12.0,20002.724952,6586.132652,RADIAL SHAFT SEALING RING,MB
MBA000 420 87 04,33,537.0,537.0,0.0,141,16.272727272727273,9.0,118.0,224422.93831655,39223.058716550004,DISK BRAKE PAD,MB
MBA292 830 00 00,33,127.0,129.0,2.0,125,3.8484848484848486,3.0,8.0,68473.46178,34574.84358,FINE PARTICLE FILTER,MB
MBA000 010 16 85/64,33,487.0,488.0,1.0,124,14.757575757575758,10.0,59.0,7799.5512425,1682.5192425,FILLER CAP,MB
MBA004 994 31 45,33,1125.0,1142.0,17.0,122,34.09090909090909,30.0,100.0,6047.268445,1647.150945,028109/CLIP NUT,MB
MBA221 830 07 18,33,222.0,246.0,24.0,121,6.7272727272727275,3.0,50.0,55148.46350573,14637.76730573,#COMBINATION FILTER,MB
MBA020 997 76 45,33,420.0,430.0,10.0,120,12.727272727272727,8.0,75.0,4464.019713,2350.146813,O-RING,MB
MBA166 333 06 00,33,432.0,433.0,1.0,119,13.090909090909092,12.0,38.0,23169.741715,4369.381415,026408/METAL BUSHING ELEMENT,MB
MBA274 142 00 80,33,244.0,247.0,3.0,119,7.393939393939394,4.0,63.0,5519.398580720001,869.44638072,METAL-NON METAL SEAL,MB
MBA205 240 03 00,33,346.0,346.0,0.0,115,10.484848484848484,8.0,39.0,131592.75619400002,20992.532394,028118/ENGINE MOUNT,MB
MBA177 010 04 00,33,214.0,216.0,2.0,115,6.484848484848484,6.0,20.0,32828.360209,6429.211009,CRANKCASE COVER,MB
MBA276 018 23 00,33,282.0,282.0,0.0,109,8.545454545454545,6.0,42.0,42569.2,6615.7729,VENT LINE,MB
MBA278 181 05 80,33,825.0,825.0,0.0,108,25.0,14.0,237.0,4062.8729805000003,626.5212805,METAL SEAL,MB
MBA205 866 00 00,33,149.0,151.0,2.0,108,4.515151515151516,4.0,21.0,30865.921498,10540.962798,CENTRIFUGAL PUMP,MB
MBA264 038 01 00/54,33,1554.0,1554.0,0.0,107,47.09090909090909,33.0,205.0,37435.898,6131.653,"027460/CONROD BRG., UPPER HALF",MB
MBA278 016 05 20,33,187.0,187.0,0.0,107,5.666666666666667,5.0,13.0,41678.4835,6662.1139,CYLINDER HEAD GASKET,MB
MBA274 184 00 80,33,904.0,904.0,0.0,104,27.393939393939394,15.0,301.0,18239.86,2435.6211,027880/SEAL WITH CARRIER FRAME,MB
MBA447 420 66 00,33,346.0,352.0,6.0,104,10.484848484848484,9.0,31.0,71696.28921579,11761.75051579,"028463/PARTS KIT, BRAKEPAD",MB
MBA004 159 14 03,33,3004.0,3196.0,192.0,101,91.03030303030303,80.0,298.0,112568.06,21832.9579,SPARK PLUG,MB
MBA166 500 08 75,33,228.0,229.0,1.0,100,6.909090909090909,7.0,17.0,20168.905792,4042.265992,027760/MOLDED HOSE,MB
MBA725 281 03 00,33,117.0,120.0,3.0,98,3.5454545454545454,3.0,12.0,19405.892401,6650.154201,OIL FILLER PIPE,MB
MBA113 016 03 21,33,358.0,358.0,0.0,96,10.848484848484848,7.0,43.0,19239.327860999998,2930.399861,027600/GASKET,MB
CJ05184778AB,33,977.0,989.9,12.9,95,29.606060606060606,22.0,153.0,35706.581,6369.0205000000005,SEALING GASKET,CJ
MBA164 540 10 17,33,512.0,513.0,1.0,94,15.515151515151516,13.0,71.0,14216.647057,2726.098957,BRAKEPAD WEAR SENSOR,MB
MBA001 989 33 03/09,33,390.0,397.0,7.0,93,11.818181818181818,3.0,222.0,70145.99497025,11028.47057025,HYPOID GEAR OIL,MB
MBA642 094 01 80,33,1875.0,1875.0,0.0,90,56.81818181818182,41.0,192.0,13353.4,1753.6741,028207/SEAL,MB
MBA167 240 71 00,33,208.0,210.0,2.0,90,6.303030303030303,4.0,38.0,59166.536278,9875.242377999999,TRANSMISSION MOUNT,MB
MBA013 997 44 45,33,693.0,696.0,3.0,89,21.0,20.0,94.0,3649.3487145,661.4897145,SEALING RING,MB
MBA000 420 51 03,33,267.0,268.0,1.0,89,8.090909090909092,5.0,28.0,57447.1702758,9571.8355758,DISK BRAKE PAD,MB
MBA000 421 30 12/07,33,336.0,336.0,0.0,88,10.181818181818182,8.0,52.0,108061.726,16851.2296,"027867/BRAKE DISK, VENTED",MB
MBA247 540 00 25,33,182.0,182.0,0.0,86,5.515151515151516,5.0,13.0,8229.723,1473.7973,027970/BATTERY COVER,MB
CJ68459077AA,33,89.0,93.0,4.0,86,2.696969696969697,3.0,7.0,12399.869999999999,4626.4522,FIXED TIGHTENER IDLER,CJ
MBA205 888 04 00,33,463.0,464.0,1.0,85,14.030303030303031,15.0,53.0,14314.8235875,2734.2047875,BRACKET,MB
MBA276 184 00 80,33,616.0,616.0,0.0,84,18.666666666666668,18.0,58.0,4539.725,631.8442,024849/ELASTOMER MOLDED SEAL,MB
MBA000 989 88 03/11,33,449.0,455.0,6.0,84,13.606060606060606,10.0,67.0,34910.398363,9797.410763,STEERING GEAR OIL,MB
MBA204 880 02 27,33,947.0,947.0,0.0,82,28.696969696969695,26.0,78.0,18176.9,3687.8862,SPRING ELEMENT,MB
MBA205 501 87 01,33,134.0,134.0,0.0,80,4.0606060606060606,3.0,15.0,11694.741,2215.281,VENT LINE,MB
MBA278 015 00 80,33,321.0,321.0,0.0,79,9.727272727272727,7.0,40.0,14140.43,2419.0801,027551/ELASTOMER MOLDED SEAL,MB
MBA166 500 85 75,33,149.0,149.0,0.0,77,4.515151515151516,5.0,13.0,23372.19201,5079.35821,COOLANT HOSE,MB
MBA204 501 09 25,33,287.0,287.0,0.0,75,8.696969696969697,6.0,26.0,19737.041,3354.0988,VENT LINE,MB
MBA272 010 06 14,33,333.0,338.0,5.0,74,10.090909090909092,8.0,31.0,34026.53,4836.8955000000005,CRANKCASE COVER,MB
MBA278 098 19 89,33,120.0,120.0,0.0,74,3.6363636363636362,3.0,11.0,10963.31,2191.1999,027760/AIR LINE,MB
MBA205 524 12 30,33,87.0,87.0,0.0,74,2.6363636363636362,2.0,8.0,41367.5821,6712.0001,"COVER, ENGINE COMP. LOWER",MB
MBA278 018 02 80,33,348.0,348.0,0.0,73,10.545454545454545,7.0,56.0,2776.9445335,467.1911335,ELASTOMER-MOLDED SEAL,MB
MBA000 990 34 25,33,78.0,78.0,0.0,73,2.3636363636363638,2.0,6.0,1071.1399595,444.2692595,SCREW PLUG,MB
MBA000 990 33 25,33,92.0,92.0,0.0,72,2.787878787878788,2.0,8.0,2572.524868,1052.783268,SCREW PLUG,MB
MBA221 240 09 18,33,402.0,404.0,2.0,69,12.181818181818182,9.0,80.0,68059.070685,11005.707985000001,ENGINE MOUNT,MB
MBA000 420 91 03,33,174.0,174.0,0.0,66,5.2727272727272725,5.0,28.0,58324.924483,10167.994183,027447/DISK BRAKE PAD,MB
MBA222 540 28 17,33,118.0,118.0,0.0,66,3.5757575757575757,3.0,9.0,9872.96,1734.4327,CONTROL UNIT HOLDER,MB
MBA212 918 27 30/649051,33,101.0,101.0,0.0,62,3.0606060606060606,2.0,13.0,14504.5584,2767.9725,COVER,MB
MBA276 050 25 00/64,33,150.0,150.0,0.0,59,4.545454545454546,3.0,21.0,39714.64,5463.7635,CHAIN TENSIONER,MB
NSSCRAP,33,69.0,69.0,0.0,58,2.090909090909091,2.0,13.0,606062.0,606062.0,Scrap Sales,NS
MBA218 887 00 98,33,72.0,72.0,0.0,55,2.1818181818181817,2.0,6.0,2942.4172,531.478,029052/ENGINE HOOD SEAL,MB
MBN000000 001147,32,240.0,244.0,4.0,133,7.5,7.0,17.0,2090.3117755,1170.3249755,SCREW,MB
MBA001 989 68 03/18,32,1386.0,1520.0,134.0,129,43.3125,9.0,576.0,102075.925176,19052.116276,TRANSMISSION OIL,MB
MBA000 017 03 00,32,362.0,388.0,26.0,128,11.3125,10.0,52.0,9756.26049943,3000.0665994299998,SEALING RING,MB
CJ68217514AB,32,688.0,701.8,13.8,123,21.5,18.0,48.0,21309.768,7826.2726,GASKET   PLENUM (WK),CJ
MBA260 096 04 00,32,101.0,103.0,2.0,123,3.15625,3.0,9.0,12264.8183655,3894.9382655,ELASTOMER MOLDED SEAL,MB
CJ05184977AH,32,321.0,323.0,2.0,122,10.03125,8.0,42.0,43683.5,6302.075,HOUSING THERMOSTAT,CJ
MBA654 180 11 00,32,1662.0,1662.0,0.0,120,51.9375,27.5,273.0,102422.818,15086.661,024849/TS OIL FILTER ELEMENT,MB
MBA006 990 49 12,32,546.0,566.0,20.0,120,17.0625,15.0,55.0,3554.25630375,1153.21970375,FILLISTER HEAD SCREW,MB
MBN910143 008006,32,209.0,233.0,24.0,118,6.53125,4.0,28.0,1194.286558,332.50205800000003,SCREW,MB
MBA253 240 09 00,32,216.0,216.0,0.0,118,6.75,4.5,22.0,93069.813537,18689.919037,027436/ENGINE MOUNT,MB
MBA001 982 79 08/26,32,172.0,190.0,18.0,113,5.375,3.0,22.0,101667.715854,20322.408354,027510/STARTER BATTERY,MB
MBA205 240 02 00,32,329.0,329.0,0.0,111,10.28125,10.0,23.0,124859.938794,20468.252594,ENGINE MOUNT,MB
MBA274 070 35 00,32,308.0,308.0,0.0,109,9.625,6.5,36.0,19331.711868,4044.914468,027175/FUEL HOSE,MB
MBA246 830 00 18,32,205.0,205.0,0.0,105,6.40625,6.0,21.0,48043.872426,16970.751826,COMBINATION FILTER,MB
MBA447 420 67 00,32,378.0,379.0,1.0,104,11.8125,8.0,47.0,66478.83133666,10659.64883666,"PARTS KIT, BRAKEPAD",MB
MBA205 240 33 00,32,320.0,320.0,0.0,102,10.0,7.0,51.0,51650.344484,9083.727984000001,TRANSMISSION MOUNT,MB
MBA140 990 11 50,32,98.0,102.0,4.0,102,3.0625,2.0,9.0,1662.93026906,515.70916906,NUT,MB
MBA166 830 72 01,32,249.0,252.0,3.0,101,7.78125,4.0,43.0,79530.92,26428.816,#TS FINE PARTICLE FILTER,MB
MBA166 240 59 17,32,243.0,244.0,1.0,101,7.59375,3.5,51.0,111926.643045,27785.728545,027913/ENGINE MOUNT,MB
CJ68003776AA,32,217.0,222.0,5.0,100,6.78125,6.0,22.0,42351.678831,7653.962031,PAD KIT REAR DISC BRAKE,CJ
CJ68252518AA,32,199.0,209.4,10.4,98,6.21875,4.3,22.0,73472.322,17353.7459,INSULATORENGINE MOUNT,CJ
MBA276 203 01 02,32,415.0,415.0,0.0,96,12.96875,10.5,69.0,13055.645,2213.5155,028701/COOLANT PIPE,MB
MBA213 540 44 76,32,169.0,171.0,2.0,93,5.28125,5.0,14.0,16128.068976,3013.116176,CONTROL UNIT HOLDER,MB
MBA119 997 00 45,32,125.0,135.0,10.0,93,3.90625,2.0,11.0,1766.39948475,417.72828475,SEALING RING,MB
MBA272 010 06 31,32,784.0,785.0,1.0,90,24.5,21.0,115.0,132624.844633,20065.160533000002,HOUSING COVER W FITTING,MB
CJ05281821AA,32,226.0,229.0,3.0,89,7.0625,4.0,31.0,10263.21,2771.8516,PULLEY   IDLER(JL),CJ
MBA274 188 01 01,32,194.0,196.0,2.0,89,6.0625,5.0,14.0,71706.39,11530.9688,027474/FA-OIL COOLER,MB
MBA271 016 13 21,32,1230.0,1230.0,0.0,87,38.4375,20.0,226.0,21662.185,3264.1403,024849/SEAL FOR CYL. HEAD COVER,MB
MBA276 188 00 80,32,543.0,543.0,0.0,85,16.96875,9.5,58.0,12819.65005,1887.77475,024849/SEAL WITH CARRIER FRAME,MB
MBA222 830 03 18,32,503.0,505.0,2.0,85,15.71875,11.5,64.0,200250.98,43200.139,COMBINATION FILTER,MB
MBA000 899 03 88,32,201.0,201.0,0.0,85,6.28125,5.0,25.0,40917.65992,6917.75902,BP-FLAKON - Nightlife Mood,MB
MBA171 400 01 25/  5337,32,398.0,402.0,4.0,84,12.4375,12.0,23.0,20618.38198,5029.43738,WHEEL TRIM COVER,MB
MBA463 824 03 19/  7167,32,90.0,93.0,3.0,82,2.8125,2.0,7.0,5712.53577091,2009.26217091,WIPER BLADE,MB
MBA278 200 15 00,32,271.0,273.0,2.0,80,8.46875,6.5,41.0,35725.732703,5305.867603,COOLANT LINE,MB
MBA167 505 06 00,32,183.0,184.0,1.0,80,5.71875,5.0,17.0,26539.761731,4714.685331,AIR DUCT SEGMENT,MB
MBA112 997 02 46/65,32,376.0,376.0,0.0,78,11.75,11.0,29.0,36397.379,5848.4144,SEALING RING,MB
MBA221 830 20 96,32,348.0,348.0,0.0,78,10.875,8.5,47.0,19217.32,3119.1724,026408/HOSE,MB
MBA000 421 27 12,32,249.0,251.0,2.0,78,7.78125,6.0,37.0,99340.40236400001,19788.692464,BOND BRAKE DISK,MB
MBA222 330 46 03,32,243.0,243.0,0.0,77,7.59375,7.0,25.0,41436.01,7121.1235,028111/RS BOOT,MB
MBA221 501 68 84,32,213.0,213.0,0.0,77,6.65625,5.0,23.0,30788.964,5119.7017,HOSE,MB
MBA212 501 13 82,32,144.0,144.0,0.0,75,4.5,4.0,13.0,21159.04,3663.9125,HOSE,MB
MBA177 980 01 00,32,145.0,145.0,0.0,73,4.53125,4.0,11.0,22931.5196,4406.4668,027970/PNEUMATIC SPRING,MB
MBA247 371 14 00,32,99.0,99.0,0.0,73,3.09375,3.0,6.0,82858.318,14581.4649,OIL PAN,MB
MBA157 200 02 01/80,32,184.0,185.0,1.0,71,5.75,5.0,21.0,156651.85032562,22249.43672562,027673/WATER PUMP,MB
MBA204 410 09 81,32,160.0,160.0,0.0,69,5.0,5.0,11.0,24793.41,4674.8242,CENTER SUPPORT BEARING,MB
MBA247 906 18 03,32,84.0,84.0,0.0,68,2.625,2.0,8.0,38103.8516,6552.7129,CURRENT LIMITER,MB
MBA447 423 00 12/07,32,302.0,302.0,0.0,66,9.4375,6.0,86.0,52314.93314812,9518.83784812,028175/BRAKE DISK,MB
MBA099 766 17 00/  9999,32,258.0,258.0,0.0,66,8.0625,7.5,20.0,25212.992,4394.2413,027970/TRIM RING,MB
MBA270 200 02 00,32,90.0,90.0,0.0,65,2.8125,3.0,6.0,10766.108400000001,1818.301,COOLANT INLET CONNECTION,MB
MBA156 202 06 19,32,408.0,408.0,0.0,64,12.75,10.5,30.0,26849.58,4934.1767,GUIDE PULLEY,MB
MBA463 884 27 00,32,99.0,99.0,0.0,61,3.09375,3.0,9.0,14608.939706000001,2602.829306,028489/WHEEL ARCH COVER,MB
MBA278 200 08 51,32,173.0,173.0,0.0,60,5.40625,5.0,17.0,23382.489999999998,3840.9818,COOLANT LINE,MB
MBA177 869 05 00,32,143.0,143.0,0.0,59,4.46875,3.5,13.0,3825.198,732.4231,CAP,MB
MBA177 880 31 00,32,379.0,379.0,0.0,56,11.84375,5.5,50.0,22480.603024,4774.962224,027970/SPRING ELEMENT,MB
MBA156 202 08 19,32,180.0,180.0,0.0,53,5.625,4.0,27.0,11504.58,2029.8509,GUIDE PULLEY,MB
MBA001 990 57 22/64,31,3808.0,4001.0,193.0,242,122.83870967741936,119.0,290.0,34992.367419,10102.046019,"SCREW, ROUND HEXAL. HEAD",MB
MBA000 989 70 06/11ABDW,31,10886.0,10923.0,37.0,232,351.16129032258067,34.0,4189.0,269073.4198205,46371.6971205,ENGINE OIL,MB
MBA001 988 03 25,31,2029.0,2323.0,294.0,200,65.45161290322581,43.0,283.0,62129.6952345,43380.4330345,028489/PLUG-IN FASTENER,MB
MBA264 200 31 01,31,304.0,304.0,0.0,151,9.806451612903226,8.0,27.0,17128.66,3391.89,028979/COOLANT HOSE,MB
CJ68542769AA,31,181.0,185.0,4.0,144,5.838709677419355,5.0,27.0,14002.62,3221.314,FILTER AIR (WL),CJ
MBA276 906 04 01,31,1610.0,1610.0,0.0,141,51.935483870967744,44.0,167.0,386259.583948,67164.519548,030130/IGNITION COIL,MB
MBA029 997 14 45,31,108.0,109.0,1.0,128,3.4838709677419355,3.0,9.0,2095.7129307699997,675.83613077,O-RING,MB
CJSP149125AF,31,1510.0,1538.0,28.0,122,48.70967741935484,24.0,173.0,76112.85,13731.9842,[STR] 091552/BRAKE PAD SET FRONT DISC BR,CJ
MBA205 240 76 00,31,174.0,176.0,2.0,120,5.612903225806452,4.0,20.0,74129.723041,19094.646341,ENGINE SUPPORT,MB
MBA000 990 32 24,31,728.0,752.0,24.0,118,23.483870967741936,24.0,72.0,5620.470152,1515.792552,STUD BOLT WITH FEATURE,MB
MBA221 470 17 90,31,455.0,473.0,18.0,118,14.67741935483871,12.0,48.0,146509.618376,22769.527376,028131/FUEL FILTER UNIT,MB
MBA253 500 34 00,31,210.0,210.0,0.0,109,6.774193548387097,5.0,17.0,55112.3475,9510.9392,COLD AIR INTAKE,MB
MBA990 989 25 00/14,31,2043.0,2169.0,126.0,101,65.90322580645162,25.0,280.0,125896.841575,30533.121675,#22NOX REDUCING AGENT 10L,MB
MBA238 885 37 01,31,190.0,191.0,1.0,101,6.129032258064516,6.0,14.0,36149.618164,6608.645864,AIR DUCT SEGMENT,MB
MBA272 202 14 19,31,560.0,561.0,1.0,100,18.06451612903226,14.0,92.0,58314.731096,8798.972296,GUIDE PULLEY,MB
MBA463 987 00 00/  7C45,31,363.0,363.0,0.0,98,11.709677419354838,5.0,104.0,27245.77356,6217.51676,ANTI-SKID LINING,MB
CJ82300234AC,31,115.0,127.0,12.0,97,3.7096774193548385,3.0,8.0,5170.1825,1857.4073,SEALER   NONE,CJ
MBA205 501 53 01,31,163.0,163.0,0.0,95,5.258064516129032,5.0,14.0,27869.367984,5343.763984,VENT LINE,MB
MBA000 888 00 00,31,138.0,140.0,2.0,95,4.451612903225806,3.0,16.0,120388.43466,24827.42136,026528/BASE PLATE,MB
MBA000 420 17 06,31,228.0,228.0,0.0,94,7.354838709677419,7.0,18.0,53951.261394,10150.338194,DISK BRAKE PAD,MB
MBA000 420 68 03,31,385.0,386.0,1.0,93,12.419354838709678,9.0,35.0,172612.15484435,27230.43914435,DISK BRAKE PAD,MB
MBA253 505 05 30,31,286.0,287.0,1.0,93,9.225806451612904,8.0,23.0,44507.911,8557.7039,AIR DUCT SEGMENT,MB
MBA222 240 11 18,31,339.0,340.0,1.0,91,10.935483870967742,7.0,43.0,55631.317632,9020.439932,027003/TRANSMISSION MOUNT,MB
MBA000 997 19 08,31,187.0,187.0,0.0,91,6.032258064516129,4.0,18.0,15532.172952,3392.249052,027922/FA-RADIAL SHAFT SEALING RING,MB
MBA264 016 08 00,31,171.0,172.0,1.0,91,5.516129032258065,4.0,23.0,28092.12367134,4783.7091713400005,CYLINDER HEAD GASKET,MB
MBA271 180 01 09,31,1534.0,1536.0,2.0,90,49.483870967741936,30.0,310.0,54610.009926,8060.6807260000005,027913/TS OIL FILTER ELEMENT,MB
MBA223 421 45 00,31,203.0,205.0,2.0,90,6.548387096774194,6.0,25.0,126239.995452,41199.558252,"BRAKE DISK, VENTED",MB
MBA205 323 08 17,31,238.0,238.0,0.0,88,7.67741935483871,5.0,50.0,19351.607799999998,3213.6672,027866/TORSION BAR LINKAGE,MB
MBA278 018 00 35,31,202.0,202.0,0.0,88,6.516129032258065,6.0,16.0,21569.936999999998,3725.1385,OIL SEPARATOR,MB
MBA906 540 15 17,31,247.0,247.0,0.0,86,7.967741935483871,4.0,45.0,8938.508749,2798.939749,BRAKEPAD WEAR SENSOR,MB
MBA166 333 02 00,31,360.0,362.0,2.0,83,11.612903225806452,6.0,64.0,22218.976212,4116.760812,026408/METAL BUSHING ELEMENT,MB
MBA166 997 14 59,31,231.0,231.0,0.0,83,7.451612903225806,6.0,23.0,6420.435,1337.0837,HOSE CONNECTION FITTING,MB
MBA260 200 11 00/80,31,162.0,164.0,2.0,83,5.225806451612903,5.0,10.0,76948.9472,12450.9697,COOLANT PUMP,MB
MBA205 330 56 01,31,83.0,84.0,1.0,83,2.6774193548387095,2.0,9.0,118262.921138,43900.680938,CONTROL ARM,MB
MBA212 830 33 96,31,177.0,177.0,0.0,82,5.709677419354839,4.0,20.0,27075.010000000002,4817.4385999999995,028090/HOSE LINE,MB
MBA222 830 36 96,31,262.0,262.0,0.0,81,8.451612903225806,8.0,22.0,36351.478268,6081.337068,HOSE LINE,MB
MBA000 830 49 01,31,145.0,146.0,1.0,81,4.67741935483871,3.0,17.0,60406.937861,14534.501761,"RADIAL BLOWER, MECHANICAL",MB
MBA000 990 91 08,31,260.0,272.0,12.0,80,8.387096774193548,8.0,24.0,2539.746384,724.194384,SCREW WITH FEATURE,MB
MBA000 327 03 69,31,174.0,178.0,4.0,80,5.612903225806452,4.0,29.0,2843.824807,768.098407,CONNECTOR,MB
MBA000 991 25 32,31,1023.0,1148.0,125.0,79,33.0,30.0,100.0,6959.546065,4607.434365,BLIND RIVET,MB
MBA272 906 00 60,31,995.0,995.0,0.0,79,32.096774193548384,26.0,130.0,209875.8048,33899.932,027682/IGNITION COIL,MB
MBA000 053 07 00,31,651.0,655.0,4.0,79,21.0,16.0,105.0,38920.52,6818.6944,TS VALVE STEM SEAL,MB
MBA278 200 10 00,31,220.0,221.0,1.0,78,7.096774193548387,5.0,34.0,43401.4683,6701.4606,COOLANT LINE,MB
MBA278 050 47 00/64,31,130.0,134.0,4.0,78,4.193548387096774,3.0,16.0,34376.761828,5335.501428,CHAIN TENSIONER,MB
MBA222 240 79 00,31,107.0,108.0,1.0,77,3.4516129032258065,3.0,14.0,102483.58685600001,19237.417156,026567/ENGINE MOUNT,MB
MBA112 997 08 45,31,3262.0,3262.0,0.0,76,105.2258064516129,61.0,576.0,13786.7499905,1974.5417905,SEALING RING,MB
MBA205 334 04 00,31,117.0,118.0,1.0,75,3.774193548387097,3.0,15.0,93204.977275,28492.004775,WHEEL BEARING,MB
MBA167 240 53 00,31,87.0,87.0,0.0,73,2.806451612903226,2.0,7.0,51373.721958,10806.462558000001,027140/ENGINE MOUNT,MB
MBA000 421 25 12,31,243.0,245.0,2.0,72,7.838709677419355,6.0,34.0,71095.324498,15735.211898,BOND BRAKE DISK,MB
MBA177 528 00 00/64,31,128.0,128.0,0.0,72,4.129032258064516,4.0,12.0,38877.6104,6980.5476,CHARGE AIR HOSE,MB
MBA001 470 11 93/64,31,117.0,120.0,3.0,72,3.774193548387097,2.0,23.0,31555.508971,6602.683171,PURGE VALVE,MB
MBA222 720 51 01,31,97.0,97.0,0.0,72,3.129032258064516,3.0,8.0,17183.390722,4824.882022,HINGE,MB
MBA463 330 95 01,31,72.0,73.0,1.0,72,2.3225806451612905,2.0,7.0,249994.67353,77388.37793,027771/TRANSV. CONTROL ARM,MB
MBA204 500 07 49,31,295.0,295.0,0.0,71,9.516129032258064,6.0,41.0,54677.53,10159.9768,EXPANSION RESERVOIR,MB
MBA221 323 17 65,31,276.0,276.0,0.0,71,8.903225806451612,4.0,38.0,142761.37,21464.8661,026958/TORSION BAR,MB
MBA000 820 77 03,31,105.0,107.0,2.0,71,3.3870967741935485,2.0,14.0,15354.15,4146.0217,"CENTR. LOCKING ACT., ELE.",MB
MBA205 991 00 71,31,442.0,454.0,12.0,70,14.258064516129032,15.0,32.0,5724.0246664999995,1763.5530665,028646/MOUNTING CLIP,MB
MBA222 323 13 65,31,130.0,130.0,0.0,70,4.193548387096774,3.0,12.0,107878.532,16524.5937,TUBULAR TORSION BAR,MB
MBA276 201 07 03,31,187.0,187.0,0.0,69,6.032258064516129,6.0,12.0,9925.625,1567.7508,COVER FOR COOLANT PUMP,MB
MBA222 501 41 91,31,119.0,120.0,1.0,69,3.838709677419355,4.0,11.0,36995.502,6540.2019,COOLANT HOSE,MB
MBA205 888 02 00,31,315.0,315.0,0.0,67,10.161290322580646,10.0,30.0,17506.8300449,3418.0038449,CARRIER,MB
MBA272 141 07 80,31,253.0,253.0,0.0,66,8.161290322580646,4.0,38.0,6393.11549,900.40139,024849/GASKET,MB
MBA205 501 88 01,31,105.0,105.0,0.0,66,3.3870967741935485,2.0,11.0,19552.5062,3299.9565000000002,COOLANT FILLING HOSE,MB
MBA205 500 00 49,31,173.0,173.0,0.0,65,5.580645161290323,5.0,12.0,30578.941831,5967.257631,027508/EXPANSION RESERVOIR,MB
MBA278 010 86 02,31,117.0,117.0,0.0,64,3.774193548387097,3.0,15.0,17640.562785000002,3306.230885,OIL DIPSTICK,MB
MBA213 501 06 25,31,108.0,108.0,0.0,64,3.4838709677419355,2.0,16.0,21600.25959,3879.90739,028111/VENT LINE,MB
MBA007 542 13 18,31,188.0,188.0,0.0,63,6.064516129032258,4.0,26.0,12999.47,2215.1947,027718/TEMPERATURE SENSOR,MB
MBA222 885 13 65,31,80.0,80.0,0.0,63,2.5806451612903225,2.0,7.0,15597.03305,3053.35065,BASIC CARRIER FOR BUMPER,MB
MBA000 899 09 00,31,108.0,109.0,1.0,61,3.4838709677419355,3.0,17.0,23134.69987333,5097.48307333,028079/BP-FLAKON - Pacific Mood,MB
MBA274 016 00 20,31,103.0,103.0,0.0,61,3.3225806451612905,3.0,12.0,15712.700499999999,2697.2388,CYLINDER HEAD GASKET,MB
MBA112 016 02 21,31,281.0,281.0,0.0,60,9.064516129032258,5.0,54.0,13490.717,2067.8793,GASKET,MB
MBA463 889 27 00/  7C45,31,151.0,151.0,0.0,57,4.870967741935484,2.0,49.0,19003.186999999998,3265.8169,028053/MUD FLAP,MB
MBA205 780 01 75,31,88.0,88.0,0.0,57,2.838709677419355,2.0,13.0,67144.4878,11180.4471,SUNROOF COMPONENTS,MB
MBA238 501 90 00/64,31,90.0,91.0,1.0,56,2.903225806451613,2.0,9.0,8633.5908,1506.3441,029514/COOLANT HOSE,MB
MBA207 817 03 16,31,103.0,103.0,0.0,55,3.3225806451612905,3.0,11.0,9705.7956,1847.3967,COMPANY SIGN,MB
MBA118 690 50 00,31,74.0,74.0,0.0,55,2.3870967741935485,2.0,6.0,7763.2766,1628.1826,WATER DEFLECTOR,MB
MBA205 501 36 20,31,61.0,61.0,0.0,52,1.967741935483871,2.0,8.0,10224.0946,1561.8445,027542/BRACKET,MB
MBA000 986 20 00/16,30,5945.0,6089.0,144.0,5971,198.16666666666666,202.5,268.0,74922.93019097,32578.84529097,WINDSHIELD CLEANING AGENT,MB
MBB6 6 04 3350,30,436.0,436.0,0.0,273,14.533333333333333,11.0,82.0,9232.675,3523.8365,BALLPOINT PEN BLACK,MB
CJ68158590GD,30,164.0,175.0,11.0,167,5.466666666666667,5.0,14.0,7705.97,574.9647,[STR] 091575/CLEANER FUEL INJECTOR,CJ
MBA000 420 96 04,30,1307.0,1307.0,0.0,125,43.56666666666667,28.0,221.0,299885.4276,41375.8762,027089/DISK BRAKE PAD,MB
MBA000 997 80 07,30,114.0,119.0,5.0,124,3.8,3.0,13.0,14716.50678,3987.55678,FA - RADIAL SHAFT SEALING RING,MB
MBA204 870 44 58,30,882.0,882.0,0.0,111,29.4,27.0,92.0,63084.383098,12887.734398,SWITCH,MB
MBA204 682 01 08,30,143.0,159.0,16.0,109,4.766666666666667,3.0,31.0,9686.295343,3525.399943,DAMPENING,MB
LU512142081,30,3872.0,4116.0,244.0,108,129.06666666666666,114.0,311.0,63335.42618978,42524.43878978,MOBIL LUBE GX 80W90 (TRANSMISS,LU
MBA000 420 67 04,30,687.0,688.0,1.0,107,22.9,20.0,73.0,240974.0756,33676.3465,026755/DISK BRAKE PAD,MB
MBA000 997 65 07/65,30,96.0,102.0,6.0,102,3.2,3.0,7.0,3016.603053,1063.740853,O-RING,MB
MBA725 997 03 46,30,99.0,102.0,3.0,96,3.3,2.5,14.0,4160.56978,1222.75638,RADIAL SHAFT SEALING RING,MB
MBA275 094 02 04,30,74.0,97.0,23.0,96,2.466666666666667,2.0,11.0,19067.87,7162.1026999999995,AIR CLEANER,MB
MBA166 323 14 65,30,242.0,243.0,1.0,94,8.066666666666666,5.0,39.0,174439.57603,27484.09103,027051/TORSION BAR,MB
MBN910118 010003,30,97.0,97.0,0.0,88,3.2333333333333334,3.0,12.0,1452.3233525,584.5331525,HEXAGON NUT,MB
CJ05184772AB,30,223.0,230.0,7.0,87,7.433333333333334,7.0,19.0,9920.001,1996.8529,SEAL     CAMSHAFT SENSOR,CJ
MBA177 905 99 00,30,204.0,204.0,0.0,87,6.8,5.0,16.0,31574.896,6163.434,027970/LIMIT SWITCH,MB
MBA276 200 04 52,30,272.0,272.0,0.0,85,9.066666666666666,5.0,39.0,9759.415,1503.596,029401/FEED LINE,MB
MBA247 906 36 03,30,118.0,118.0,0.0,85,3.933333333333333,4.0,10.0,51041.379,8914.0984,028330/CURRENT LIMITER,MB
MBA270 096 00 80,30,295.0,296.0,1.0,84,9.833333333333334,4.0,108.0,2012.755484,447.269184,026406/ELASTOMER MOLDED SEAL,MB
CJ05281454AA,30,90.0,92.0,2.0,84,3.0,3.0,6.0,12895.89,5077.3315999999995,SERPENITNE BELT(JL),CJ
MBA000 420 13 04,30,182.0,192.0,10.0,82,6.066666666666666,3.5,23.0,52746.851,10634.7076,024240/DISK BRAKE PAD,MB
MBA264 906 12 00,30,354.0,355.0,1.0,81,11.8,8.5,29.0,97759.13,18063.7674,028067/IGNITION COIL,MB
MBA002 993 09 96,30,341.0,341.0,0.0,81,11.366666666666667,10.0,28.0,29044.3936,4522.4258,028131/POLY-V-BELT,MB
CJ68079744AD,30,335.0,336.0,1.0,81,11.166666666666666,2.5,67.0,6738.1,1310.8521,FILTER   ENGINE OIL(WS),CJ
MBA177 505 08 00,30,179.0,179.0,0.0,80,5.966666666666667,5.0,21.0,19976.275999999998,3665.9336,AIR DUCT SEGMENT,MB
MBA000 420 96 05,30,129.0,130.0,1.0,80,4.3,4.0,12.0,153301.66132,34427.91702,DISK BRAKE PAD,MB
MBA278 181 06 80,30,389.0,389.0,0.0,79,12.966666666666667,8.0,54.0,1951.5927795,331.8320795,METAL SEAL,MB
MBA247 501 05 58,30,141.0,141.0,0.0,79,4.7,5.0,12.0,15304.79,2606.4259,028025/COOLANT LINE,MB
MBA222 980 00 15,30,356.0,356.0,0.0,78,11.866666666666667,3.5,61.0,36860.29,4846.1326,026408/BALL BEARING,MB
MBA166 320 12 00,30,157.0,157.0,0.0,77,5.233333333333333,4.0,19.0,44306.62397,13186.65557,027542/TORSION BAR LINKAGE,MB
MBA463 330 96 01,30,73.0,76.0,3.0,77,2.433333333333333,2.0,5.0,254263.74954699998,78810.002647,027771/TRANSV. CONTROL ARM,MB
MBA000 420 02 05,30,468.0,468.0,0.0,76,15.6,10.0,85.0,90547.6558,12722.3477,028131/DISK BRAKE PAD,MB
MBA656 223 05 00,30,90.0,90.0,0.0,76,3.0,2.0,8.0,31857.29,5768.463,ENGINE CARRIER,MB
MBA000 420 72 05,30,212.0,216.0,4.0,75,7.066666666666666,5.0,43.0,156083.3485,24358.5944,"027177/PARTS KIT, BRAKEPAD",MB
MBA221 694 09 33,30,111.0,115.0,4.0,74,3.7,3.0,10.0,7235.277936,1739.593336,COVERING,MB
CJ68535771AA,30,99.0,103.0,4.0,74,3.3,2.0,10.0,51247.62,9606.0959,[STR] 091231/FUEL PUMP FUEL PUMP/LEVEL U,CJ
MBA213 720 11 10,30,85.0,85.0,0.0,74,2.8333333333333335,3.0,7.0,18865.748033,3673.749933,028705/HINGE,MB
CJ05184562AC,30,761.0,803.0,42.0,73,25.366666666666667,18.0,60.0,18012.62,4672.5288,GASKET   INTAKE PLENUM,CJ
MBA247 501 03 82/64,30,118.0,118.0,0.0,72,3.933333333333333,3.0,10.0,14019.550000000001,2442.4597,028298/HOSE LINE,MB
MBA463 421 05 00,30,136.0,142.0,6.0,71,4.533333333333333,4.0,12.0,560944.823882,160100.926282,BRAKE DISK,MB
MBA177 094 00 04/64,30,294.0,294.0,0.0,70,9.8,10.0,30.0,35464.07953,7508.49643,AIR FILTER ELEMENT,MB
MBA463 500 91 01,30,88.0,94.0,6.0,70,2.933333333333333,2.0,9.0,13312.89966072,3146.92996072,VENT LINE,MB
MBA167 240 54 00,30,83.0,83.0,0.0,70,2.7666666666666666,2.0,7.0,48485.17475,10696.65605,027140/ENGINE MOUNT,MB
MBA274 200 33 00,30,321.0,321.0,0.0,68,10.7,10.0,31.0,148624.8525,21534.7273,026406/THERMOSTAT,MB
MBA112 011 02 08,30,214.0,214.0,0.0,68,7.133333333333334,5.5,32.0,17535.14,2885.3743,028276/CAP,MB
MBA223 835 23 00,30,74.0,74.0,0.0,68,2.466666666666667,2.0,8.0,39302.3,15383.9227,DUST FILTER,MB
MBA002 993 54 96,30,213.0,213.0,0.0,67,7.1,5.0,27.0,17598.8954,2738.5572,027500/POLY-V-BELT,MB
CJ05281374AA,30,100.0,102.0,2.0,67,3.3333333333333335,2.0,14.0,8975.53,2195.4453,BELT     SERPENTINE(WK),CJ
MBA217 330 40 00,30,86.0,86.0,0.0,67,2.8666666666666667,2.0,13.0,143858.93842,38655.13572,CONTROL ARM,MB
MBA001 991 34 71,30,787.0,787.0,0.0,66,26.233333333333334,21.5,70.0,3652.18875,740.54395,MOUNTING CLIP,MB
MBA463 423 00 00,30,130.0,134.0,4.0,66,4.333333333333333,4.0,10.0,343458.749536,99766.375936,027549/BRAKE DISK,MB
MBA271 200 24 52,30,582.0,582.0,0.0,65,19.4,10.0,106.0,49961.79,10907.954600000001,026406/LINE,MB
MBA246 421 27 12/07,30,193.0,193.0,0.0,65,6.433333333333334,5.5,20.0,47924.2276,9271.5781,"BRAKE DISK, VENTED",MB
MBA177 505 02 00,30,131.0,131.0,0.0,65,4.366666666666666,4.0,10.0,7772.73,1373.3108,027970/AIR DUCT SEGMENT,MB
MBA211 356 00 00/64,30,122.0,124.0,2.0,65,4.066666666666666,3.5,10.0,32437.31747116,5549.02247116,027602/WHEEL BEARING,MB
MBA246 320 06 89,30,170.0,170.0,0.0,64,5.666666666666667,4.0,35.0,20297.446864,6547.286664,028027/TORSION BAR LINKAGE,MB
CJ05281301AA,30,85.0,89.0,4.0,64,2.8333333333333335,2.0,20.0,11776.15,3275.2757,PULLEY   IDLER,CJ
MBA217 330 39 00,30,79.0,80.0,1.0,64,2.6333333333333333,2.0,12.0,133184.829445,36886.050845,CONTROL ARM,MB
CJ06507741AA,30,305.0,306.0,1.0,62,10.166666666666666,6.0,51.0,5531.05,1224.0229,BOLT HEX FLANGE HEAD,CJ
MBA000 817 33 05,30,143.0,144.0,1.0,62,4.766666666666667,4.0,12.0,15102.726778,3068.970778,COMPANY SIGN,MB
MBA205 980 00 64,30,78.0,78.0,0.0,61,2.6,2.0,6.0,10991.8734,2193.5593,PNEUMATIC SPRING,MB
MBA000 421 22 12,30,187.0,187.0,0.0,60,6.233333333333333,4.0,22.0,78274.49699,15633.71659,BOND BRAKE DISC,MB
MBA113 094 21 82,30,137.0,137.0,0.0,59,4.566666666666666,3.5,22.0,4732.39725,797.96715,HOSE,MB
MBA000 421 88 00,30,141.0,141.0,0.0,58,4.7,4.0,12.0,66222.406124,19230.934524,"BRAKE DISK, VENTED",MB
MBA222 240 85 17,30,97.0,101.0,4.0,58,3.2333333333333334,3.0,12.0,70443.61,11946.251,026408/ENGINE MOUNT,MB
MBA238 501 92 00,30,99.0,100.0,1.0,57,3.3,2.0,9.0,16029.801599999999,2972.7271,COOLANT HOSE,MB
MBA205 330 55 01,30,57.0,58.0,1.0,57,1.9,2.0,4.0,71946.827238,24092.012138,CONTROL ARM,MB
MBA651 180 01 09,30,538.0,538.0,0.0,56,17.933333333333334,5.5,160.0,26022.32893,4441.13773,OIL FILTER ELEMENT,MB
MBA022 997 64 45,30,169.0,171.0,2.0,56,5.633333333333334,3.5,35.0,3983.689692,832.829092,029296/O-RING,MB
MBA205 501 82 01,30,78.0,78.0,0.0,56,2.6,2.0,6.0,8487.19,1557.9399,COOLANT HOSE,MB
MBA656 223 04 00,30,59.0,59.0,0.0,55,1.9666666666666666,2.0,5.0,30783.645,5375.0151000000005,ENGINE CARRIER,MB
MBA642 141 05 80,30,659.0,659.0,0.0,54,21.966666666666665,20.0,91.0,9220.36,1301.1299999999999,029032/SEAL,MB
MBA000 542 12 51,30,145.0,146.0,1.0,53,4.833333333333333,3.0,30.0,1676.17477732,533.39027732,DECOUPLING RING,MB
MBA278 090 25 82,30,95.0,95.0,0.0,52,3.1666666666666665,2.5,19.0,18289.5,3378.4811,027551/AIR INTAKE HOSE,MB
MBA222 320 11 89,30,132.0,133.0,1.0,51,4.4,2.0,20.0,26006.98726925,4268.24596925,027603/TORSION BAR LINKAGE,MB
MBB6 6 04 3351,29,474.0,478.0,4.0,468,16.344827586206897,16.0,39.0,10088.625,3500.185,BALLPOINT PEN RED,MB
MBA254 835 02 00,29,314.0,319.0,5.0,293,10.827586206896552,9.0,30.0,111001.6,38470.6833,FINE PARTICLE FILTER,MB
CJ68218951UB,29,449.0,451.0,2.0,291,15.482758620689655,12.0,56.0,59597.3,8574.733,0W-20 4L[MOQ 192 Bottles],CJ
MBA000 989 44 04/11FULW,29,34416.0,35635.0,1219.0,244,1186.7586206896551,693.0,3853.0,1256988.509501,150498.249601,033195/TRANSMISSION FLUID,MB
MBA264 200 86 00,29,532.0,532.0,0.0,176,18.344827586206897,17.0,60.0,118183.570655,21176.583455,028067/COOLANT LINE,MB
MBA023 997 63 45/65,29,481.0,490.0,9.0,166,16.586206896551722,11.0,84.0,7318.568691050001,1890.40599105,027177/SECTIONAL SEALING RING,MB
MBA205 470 51 03,29,144.0,149.0,5.0,145,4.9655172413793105,4.0,14.0,30814.256267,3136.830067,FEED UNIT,MB
MBA276 016 00 21,29,2829.0,2879.0,50.0,139,97.55172413793103,100.0,258.0,17846.35,3143.61,033322/ELASTOMER MOLDED SEAL,MB
MBA541 090 01 51,29,283.0,289.0,6.0,132,9.758620689655173,7.0,34.0,19479.945092,8604.421192,#15TS FILTER INSERT,MB
CJ68608193AA,29,131.0,134.0,3.0,131,4.517241379310345,3.0,10.0,10060.27005,2951.69655,AIR FILTER CABIN AIR(WL),CJ
CJ68232947GA,29,296.0,305.0,9.0,116,10.206896551724139,10.0,32.0,23560.14,7617.9743,LUBRICANT GEAR,CJ
MBA166 421 16 00,29,339.0,339.0,0.0,104,11.689655172413794,10.0,37.0,167899.279204,34249.127604,"BRAKE DISK, VENTED",MB
CJ04893806AB,29,213.0,231.0,18.0,93,7.344827586206897,5.0,28.0,1937.224,380.0001,SEAL(WK/WL),CJ
CJ52854834AB,29,152.0,152.0,0.0,89,5.241379310344827,5.0,23.0,40922.0,7054.3263,FLEX. HOSE TRANSMISSION OIL,CJ
MBA221 820 13 00,29,64.0,84.0,20.0,87,2.206896551724138,2.0,5.0,12555.576256,3837.319756,TS WIPER BLADE,MB
MBA203 540 02 53,29,1518.0,1518.0,0.0,84,52.3448275862069,32.0,311.0,61148.484,7979.7539,PILOT BUSHING,MB
MBA270 203 18 82,29,187.0,187.0,0.0,82,6.448275862068965,5.0,20.0,8734.464706,1440.894706,028845/COOLANT HOSE,MB
MBA022 997 80 45,29,122.0,125.0,3.0,82,4.206896551724138,2.0,34.0,2130.3321535,683.5086535,PROFILE SEALING RING,MB
MBA000 997 79 32,29,194.0,204.0,10.0,81,6.689655172413793,4.0,62.0,1512.82826,466.89006,SCREW PLUG,MB
CJ68297663AC,29,80.0,81.0,1.0,81,2.7586206896551726,2.0,7.0,3996.56,76.3879,CHECK CONTROL FRONT DOOR,CJ
MBA276 156 07 90,29,730.0,730.0,0.0,80,25.17241379310345,15.0,61.0,77711.41,12725.9109,024849/SOLENOID,MB
MBA213 817 01 16,29,95.0,98.0,3.0,78,3.2758620689655173,3.0,7.0,7229.84778,1863.85778,027937/MERCEDES STAR,MB
MBA177 880 90 02,29,269.0,269.0,0.0,77,9.275862068965518,4.0,31.0,19542.373634,4515.715734,027970/MOUNT,MB
MBA221 694 10 33,29,102.0,107.0,5.0,77,3.5172413793103448,3.0,9.0,6654.045,1549.5748,COVERING,MB
MBA276 201 00 00,29,371.0,371.0,0.0,75,12.793103448275861,11.0,46.0,5364.8172,786.8532,"024849/METAL SEAL, SINGLE LAYER",MB
MBA006 997 18 90,29,362.0,364.0,2.0,72,12.482758620689655,4.0,110.0,3205.166998,1410.025598,LOOM TIE,MB
MBA460 331 00 80,29,331.0,332.0,1.0,72,11.413793103448276,7.0,67.0,2843.3184075,488.9969075,SEAL,MB
CJ05149062AB,29,145.0,147.0,2.0,72,5.0,5.0,12.0,17745.0,2893.8952,SWITCH   OIL PRESSURE,CJ
MBA230 541 00 01,29,215.0,218.0,3.0,70,7.413793103448276,4.0,26.0,96650.59840799999,17473.103208,STARTER BATTERY,MB
MBA166 320 11 00,29,124.0,124.0,0.0,69,4.275862068965517,3.0,21.0,35195.656565,11851.105965,027542/TORSION BAR LINKAGE,MB
MBA001 470 08 93/64,29,112.0,114.0,2.0,69,3.8620689655172415,2.0,23.0,30614.873249,6957.592549,PURGE VALVE,MB
MBA274 200 22 00,29,90.0,91.0,1.0,69,3.103448275862069,3.0,10.0,40783.2572,8100.7071,028646/FEED LINE,MB
MBA001 990 18 16,29,400.0,410.0,10.0,67,13.793103448275861,10.0,40.0,2594.43019,289.61739,THREADED PIN,MB
MBA253 880 14 01,29,109.0,110.0,1.0,67,3.7586206896551726,4.0,10.0,15875.825657,3489.170757,AIR DEFLECTION SLAT,MB
MBA018 990 79 01,29,65.0,67.0,2.0,67,2.2413793103448274,2.0,5.0,4051.787082,1460.4054820000001,BOLT W FLANGE,MB
MBA460 331 01 80,29,264.0,265.0,1.0,65,9.10344827586207,6.0,30.0,11264.16955,1972.69595,SEAL,MB
MBA221 880 03 27/64,29,336.0,338.0,2.0,64,11.586206896551724,7.0,54.0,8388.318,1550.9514,026408/SPRING ELEMENT,MB
MBA447 421 00 12/07,29,183.0,183.0,0.0,64,6.310344827586207,6.0,20.0,39256.34437474,8685.15237474,028175/BRAKE DISK,MB
CJ68210345AC,29,77.0,81.3,4.3,64,2.6551724137931036,2.0,8.0,5117.1,1468.2984,VALVE    PCV (WK/JL/WL),CJ
MBA204 500 09 49,29,162.0,162.0,0.0,63,5.586206896551724,3.0,35.0,37000.831717,6449.529417000001,027603/EXPANSION RESERVOIR,MB
MBA205 780 02 75,29,96.0,96.0,0.0,63,3.310344827586207,2.0,12.0,72562.9476,12011.839,SUNROOF COMPONENTS,MB
CJ05281266AA,29,82.0,86.0,4.0,62,2.8275862068965516,2.0,10.0,16102.6,3746.6719,TENSIONER BELT (WK),CJ
CJ52028974AA,29,121.0,125.0,4.0,61,4.172413793103448,3.0,19.0,7435.36,1682.5937,CAP RADIATOR(WK) (WS),CJ
MBA176 820 43 00,29,154.0,154.0,0.0,60,5.310344827586207,3.0,25.0,16491.73747888,2863.93057888,TS WIPER BLADE,MB
CJ68257791AB,29,115.0,120.0,5.0,60,3.9655172413793105,3.0,14.0,9268.872654,2576.374954,AIR,CJ
CJ68214109AB,29,68.0,71.0,3.0,60,2.3448275862068964,2.0,8.0,4880.36,958.9094,GASKET   WATER PUMP(WK),CJ
MBA002 990 68 54,29,61.0,63.0,2.0,60,2.103448275862069,2.0,5.0,1095.588782,445.969082,028585/HEX. NUT W FLANGE A PART,MB
MBA274 200 08 00/80,29,460.0,461.0,1.0,58,15.862068965517242,10.0,100.0,235619.4038,28618.4938,022702/COOLANT PUMP,MB
MBA166 500 53 00,29,113.0,113.0,0.0,58,3.896551724137931,3.0,9.0,14256.21627,2483.68017,COOLANT HOSE,MB
MBA177 200 04 00,29,107.0,107.0,0.0,58,3.689655172413793,3.0,10.0,40210.704,6888.084,029396/COOLANT PUMP,MB
MBA463 884 28 00,29,82.0,82.0,0.0,58,2.8275862068965516,2.0,8.0,12409.78,2451.9905,WHEEL ARCH COVER,MB
MBA463 889 28 00/  7C45,29,172.0,172.0,0.0,57,5.931034482758621,2.0,54.0,21142.766,3528.7788,MUD FLAP,MB
MBA213 505 09 30,29,135.0,136.0,1.0,57,4.655172413793103,3.0,20.0,20564.612,3680.1982,028110/AIR DUCT SEGMENT,MB
MBA213 501 25 82,29,69.0,69.0,0.0,56,2.3793103448275863,2.0,6.0,11927.73,2345.2298,027972/COOLANT HOSE,MB
MBA205 501 66 00,29,81.0,82.0,1.0,55,2.793103448275862,3.0,7.0,14135.8368,2724.7191,027777/VENT LINE,MB
MBA238 501 81 00,29,68.0,68.0,0.0,54,2.3448275862068964,2.0,6.0,12742.6,3037.67,028601/BLEED LINE,MB
MBA177 540 52 10,29,135.0,135.0,0.0,53,4.655172413793103,5.0,16.0,12042.5116,2044.067,ELECTRICAL WIRING HARNESS,MB
MBA000 991 25 95,29,253.0,289.0,36.0,52,8.724137931034482,6.0,48.0,3604.0603,688.9199,027832/PLUG-IN FASTENER,MB
MBA270 200 06 00/80,29,228.0,228.0,0.0,52,7.862068965517241,4.0,58.0,90619.1772,11925.504,COOLANT PUMP,MB
MBA000 899 01 88,29,109.0,109.0,0.0,52,3.7586206896551726,4.0,7.0,22467.25,4181.0589,028272/BP-FLAKON - Sports Mood,MB
MBA217 820 20 00,29,77.0,77.0,0.0,52,2.6551724137931036,2.0,9.0,29876.15686355,5965.96676355,TS WIPER BLADE,MB
MBA009 989 82 71,28,2270.0,2326.0,56.0,2358,81.07142857142857,96.5,158.0,262004.16863598,133735.48623598,BP-Cleaner,MB
MBA000 989 34 09/11ABAW,28,10007.0,10105.0,98.0,1270,357.39285714285717,228.5,1949.0,383150.797086,149259.009686,ENGINE OIL,MB
MBA254 830 14 02,28,883.0,895.0,12.0,882,31.535714285714285,29.0,81.0,120249.85,47636.963,DUST FILTER,MB
MBA222 470 00 94/28,28,590.0,594.0,4.0,169,21.071428571428573,11.0,110.0,849585.134933,151655.271133,FEED UNIT,MB
MBA000 420 37 05,28,349.0,349.0,0.0,140,12.464285714285714,10.5,51.0,328200.58915482997,65237.84905483,028193/DISK BRAKE PAD,MB
MBA002 998 16 50,28,288.0,313.0,25.0,130,10.285714285714286,6.5,39.0,2112.471141,851.842741,PLUG,MB
MBA541 180 02 09,28,190.0,196.0,6.0,122,6.785714285714286,3.5,36.0,15085.149858,7740.0526580000005,#15TS OIL FILTER ELEMENT,MB
MBA264 200 15 01,28,223.0,225.0,2.0,113,7.964285714285714,6.0,21.0,109021.57,18599.9178,026406/THERMOSTAT,MB
MBN000908 012009,28,217.0,226.0,9.0,111,7.75,4.0,62.0,2218.9062034999997,606.1207035,029032/SCREW PLUG,MB
MBA000 990 75 03,28,110.0,113.0,3.0,107,3.9285714285714284,3.0,13.0,6708.19694,2452.69414,SCREW,MB
CJ05184332AA,28,1965.0,2053.0,88.0,91,70.17857142857143,60.0,291.0,20765.02,4669.3948,TAPPET   VALVE LASH,CJ
MBA002 990 58 54,28,113.0,115.0,2.0,86,4.035714285714286,3.0,10.0,4150.7862375,1957.8699375,BIHEXAGONAL NUT,MB
MBA000 991 93 40,28,599.0,622.0,23.0,85,21.392857142857142,20.0,62.0,1973.3605805,630.4505805,EXPANSION RIVET,MB
MBA642 094 05 80,28,698.0,698.0,0.0,83,24.928571428571427,17.5,95.0,8736.46,1112.3400000000001,028979/SEAL FOR CLEAN AIR LINE,MB
MBA177 501 09 02/64,28,94.0,95.0,1.0,81,3.357142857142857,3.0,9.0,8480.4774225,2055.5126225,BLEED LINE,MB
MBA014 997 70 46,28,297.0,297.0,0.0,80,10.607142857142858,8.5,52.0,17151.188394,3343.082394,027922/FA-RADIAL SHAFT SEALING RING,MB
MBA166 333 08 14/64,28,273.0,273.0,0.0,75,9.75,8.0,27.0,18392.79639,3312.40499,ELAST. METAL BUSHING ELEM,MB
MBA000 899 02 88,28,147.0,148.0,1.0,72,5.25,4.5,16.0,30157.48,5558.2234,BP-FLAKON - Downtown Mood,MB
MBA264 053 12 00,28,382.0,382.0,0.0,71,13.642857142857142,10.0,49.0,56566.38,10289.1724,028729/EXHAUST VALVE,MB
MBA272 184 01 00/64,28,356.0,356.0,0.0,70,12.714285714285714,10.5,34.0,20317.6816,3225.3228,029134/ELASTOMERIC MOLDED SEAL,MB
MBA274 200 16 00,28,140.0,140.0,0.0,69,5.0,4.0,14.0,37846.754438,6903.122338,BELT TENSIONER,MB
MBA205 830 26 02,28,227.0,227.0,0.0,68,8.107142857142858,6.0,27.0,29024.204,6094.9586,HOSE LINE,MB
MBA167 240 62 00,28,140.0,142.0,2.0,68,5.0,4.0,14.0,36165.1223,5753.7333,TRANSMISSION MOUNT,MB
MBA167 820 49 03,28,92.0,94.0,2.0,68,3.2857142857142856,2.0,14.0,3843.0111031300003,1168.33110313,WIPER BLADE,MB
MBA000 994 29 01,28,66.0,67.0,1.0,68,2.357142857142857,2.0,8.0,434.6869765,77.68547650000001,027815/LOCK WASHER,MB
MBA222 524 26 00/64,28,101.0,101.0,0.0,67,3.607142857142857,3.0,11.0,44093.9476,7795.8199,"COVER, ENGINE COMP. LOWER",MB
MBA099 323 02 00,28,689.0,689.0,0.0,66,24.607142857142858,17.0,82.0,2064.874792,444.722192,027500/ELASTOMER BEARING,MB
MBN007603 024105,28,64.0,69.0,5.0,66,2.2857142857142856,2.0,6.0,295.3983195,114.0819195,"RING,GENERAL,METAL",MB
MBA001 989 85 03/14,28,400.0,401.0,1.0,65,14.285714285714286,9.5,44.0,123364.618779,22299.208679,TRANSMISSION OIL,MB
MBA222 505 05 40,28,134.0,134.0,0.0,65,4.785714285714286,3.0,16.0,12105.488,2089.0023,BRACKET,MB
MBA167 880 92 03/65,28,217.0,225.0,8.0,64,7.75,3.5,29.0,13768.029558,3288.890358,SPRING ELEMENT,MB
MBA205 690 25 30,28,68.0,69.0,1.0,64,2.4285714285714284,2.0,6.0,34380.672,5768.3053,WHEEL HOUSE COVERING,MB
MBA003 159 94 03,28,2887.0,2887.0,0.0,63,103.10714285714286,100.0,360.0,98600.421216,13723.103616,027406/SPARK PLUG,MB
MBA112 184 02 80,28,360.0,361.0,1.0,63,12.857142857142858,11.5,33.0,4015.68,618.5904,026775/GASKET,MB
MBA222 501 50 25,28,222.0,222.0,0.0,63,7.928571428571429,5.5,24.0,22074.07,3423.9645,VENT LINE,MB
MBA212 320 11 89,28,210.0,210.0,0.0,63,7.5,5.0,37.0,31537.59,5470.2113,032667/TORSION BAR LINKAGE,MB
MBA113 094 22 82,28,160.0,160.0,0.0,63,5.714285714285714,4.5,23.0,5418.08925,853.21765,027978/HOSE,MB
MBA725 500 08 00,28,132.0,132.0,0.0,63,4.714285714285714,3.0,20.0,87141.41,13313.5201,029109/FA-OIL COOLER,MB
MBA260 155 02 00,28,114.0,114.0,0.0,63,4.071428571428571,4.0,12.0,18765.95,3594.6772,"COVER, CONTROL UNIT",MB
CJ05281453AB,28,61.0,63.0,2.0,63,2.1785714285714284,2.0,7.0,25555.49,10378.3155,BELT STRETCHER BELT(JL),CJ
MBA213 520 44 00,28,63.0,64.0,1.0,62,2.25,2.0,5.0,23400.0992,4055.3026,"030490/COVER, ENGINE COMP. LOWER",MB
MBA004 159 39 03,28,2851.0,2851.0,0.0,61,101.82142857142857,80.0,300.0,91622.718,12555.858,027809/SPARK PLUG,MB
CJ04893805AB,28,60.0,65.0,5.0,61,2.142857142857143,1.85,9.0,3589.159,693.4713,GASKET   CYLINDER HEAD COVER (WK/WL/JL),CJ
MBA213 500 14 00,28,90.0,91.0,1.0,60,3.2142857142857144,2.0,9.0,17494.609377,4738.439377,029603/EXPANSION RESERVOIR,MB
MBA253 690 29 03,28,82.0,83.0,1.0,60,2.9285714285714284,2.0,7.0,22767.5972,4528.3601,WATER DEFLECTOR,MB
MBA213 240 38 00,28,76.0,77.0,1.0,60,2.7142857142857144,2.0,7.0,39776.559574,9672.369274,027151/ENGINE MOUNT,MB
MBA177 888 42 00/64,28,481.0,481.0,0.0,59,17.178571428571427,13.5,60.0,94779.64425682,19765.226556820002,CARRIER,MB
MBA099 905 62 00/  9107,28,68.0,68.0,0.0,59,2.4285714285714284,2.5,5.0,26435.14,4550.918,028972/SWITCH PANEL WITH FNPAD,MB
MBA253 888 66 00,28,150.0,151.0,1.0,58,5.357142857142857,5.0,12.0,8003.0,1571.4805000000001,CARRIER,MB
MBA253 501 37 82,28,86.0,86.0,0.0,58,3.0714285714285716,3.0,7.0,12340.957487,2227.2396870000002,026406/COOLANT HOSE,MB
MBA205 540 63 35/64,28,114.0,114.0,0.0,57,4.071428571428571,3.0,9.0,14224.0048,2798.3672,ELECTRICAL WIRING HARNESS,MB
MBA166 830 41 96,28,99.0,99.0,0.0,56,3.5357142857142856,3.0,11.0,15070.8075,2729.1889,HOSE ASSEMBLY,MB
MBA278 030 02 60,28,461.0,461.0,0.0,55,16.464285714285715,10.5,48.0,33645.75,7086.6422,TS CONNECTING ROD BEARING,MB
MBA164 337 01 59,28,137.0,137.0,0.0,55,4.892857142857143,4.0,17.0,7826.034349,1270.065749,028161/FA-SHAFT SEAL,MB
MBA206 991 05 00,28,63.0,65.0,2.0,54,2.25,2.0,8.0,1177.185528,482.423228,MOUNTING CLIP,MB
MBA264 223 26 00,28,65.0,65.0,0.0,54,2.3214285714285716,2.0,5.0,36934.2312,6652.4595,027970/ENGINE CARRIER,MB
MBA206 991 06 00,28,59.0,61.0,2.0,54,2.107142857142857,2.0,7.0,1096.2252095,454.8239095,MOUNTING CLIP,MB
MBA177 690 34 01/64,28,111.0,111.0,0.0,53,3.9642857142857144,3.5,12.0,8417.8475,1494.5589,WATER DEFLECTOR,MB
MBA000 202 16 19,28,157.0,157.0,0.0,52,5.607142857142857,3.0,25.0,11088.77,1764.451,GUIDE PULLEY,MB
MBA272 018 13 82,28,144.0,144.0,0.0,52,5.142857142857143,5.0,15.0,9250.17,1986.2297,HOSE,MB
MBA222 885 01 21,28,116.0,116.0,0.0,52,4.142857142857143,4.0,10.0,2381.4982,500.9682,026510/MOUNTING RAIL,MB
MBA222 240 78 17,28,100.0,104.0,4.0,52,3.5714285714285716,2.0,13.0,71581.34,12013.1763,026408/ENGINE MOUNT,MB
MBA156 010 03 70,28,99.0,99.0,0.0,52,3.5357142857142856,3.0,9.0,20922.839200000002,3294.6691,028111/BREATHER PIPE,MB
MBA278 142 04 80,28,121.0,121.0,0.0,50,4.321428571428571,3.0,13.0,7860.6,1272.9025,027551/MULTI-HOLE SEAL,MB
CJ68163848GB,28,67.0,69.0,2.0,50,2.392857142857143,2.0,6.0,10107.865,2521.3633,ANTIFREEZCOOLANT,CJ
MBA000 989 56 05/09,27,2948.0,3065.0,117.0,1768,109.18518518518519,107.0,212.0,160292.5,47204.8,034612/BRAKE FLUID,MB
MBA000 989 33 09/11ABDW,27,73197.0,77735.0,4538.0,666,2711.0,422.0,18284.0,1798368.0041415,227478.9712415,ENGINE OIL,MB
CJ68565698AA,27,178.0,179.0,1.0,179,6.592592592592593,6.0,16.0,9078.0,2330.93,AIR FILTER CABIN AIR,CJ
MBA000 998 86 06,27,114.0,118.0,4.0,122,4.222222222222222,2.0,18.0,654.217942,72.347142,WATER DRAIN GROMMET,MB
MBA205 330 13 05,27,114.0,116.0,2.0,103,4.222222222222222,4.0,10.0,97605.9628775,27900.6988775,026408/STRUT ROD,MB
CJ68297668AC,27,89.0,92.0,3.0,94,3.2962962962962963,2.0,11.0,4228.49,206.1322,TIE  ROD REAR DOOR,CJ
MBN000000 00826965,27,191.0,209.0,18.0,93,7.074074074074074,6.0,23.0,1617.627371,616.7585710000001,NUT,MB
MBA005 989 63 20/119678,27,152.0,179.0,27.0,90,5.62962962962963,4.0,22.0,26795.613302550002,9057.59100255,SEAM SEAL,MB
MBA000 466 04 00/80,27,192.0,192.0,0.0,80,7.111111111111111,7.0,20.0,136356.1552,20412.4248,028955/PULSATION DAMPER,MB
MBA654 014 54 00,27,70.0,75.0,5.0,80,2.5925925925925926,2.0,7.0,6293.215574,497.505574,OIL PAN GASKET,MB
MBA222 989 03 85,27,63.0,82.0,19.0,79,2.3333333333333335,2.0,10.0,2770.50250095,1132.96240095,SELF-ADHESIVE TRIM,MB
MBA205 240 77 00,27,133.0,134.0,1.0,78,4.925925925925926,3.0,22.0,67107.41133999999,16704.36854,ENGINE SUPPORT,MB
MBA642 180 00 09,27,975.0,977.0,2.0,76,36.111111111111114,5.0,221.0,48762.343339,7816.697839,028143/TS OIL FILTER ELEMENT,MB
MBA221 320 04 11,27,150.0,160.0,10.0,75,5.555555555555555,4.0,23.0,76365.469785,13805.020685,TORSION BAR,MB
CJ05184595AE,27,98.0,101.0,3.0,73,3.6296296296296298,3.0,13.0,6466.36,1513.6536,GASKET CYLINDER HEAD,CJ
MBA270 090 01 00/64,27,122.0,122.0,0.0,72,4.518518518518518,3.0,17.0,16239.15439112,3153.99809112,AIR INTAKE HOSE,MB
MBA463 830 00 18,27,230.0,232.0,2.0,71,8.518518518518519,3.0,52.0,30187.081688,6221.215688,027551/FILTER,MB
MBA651 096 04 00,27,179.0,181.0,2.0,71,6.62962962962963,3.0,40.0,1171.2895565,320.0721565,BEADED METAL SEAL,MB
MBA177 200 79 01,27,109.0,109.0,0.0,69,4.037037037037037,3.0,12.0,207683.528064,40186.598564,THERMOSTAT,MB
MBA000 994 28 01,27,67.0,68.0,1.0,68,2.4814814814814814,2.0,12.0,452.3821865,68.8246865,027815/LOCK WASHER,MB
MBA006 990 18 00,27,799.0,805.0,6.0,67,29.59259259259259,16.0,146.0,4459.96,869.01,028272/COMBI-HEXAGON HEAD BOLT,MB
MBA651 200 28 00/64,27,712.0,715.0,3.0,67,26.37037037037037,8.0,123.0,125572.08,14460.46,THERMOSTAT,MB
MBA247 423 02 12/07,27,149.0,153.0,4.0,65,5.518518518518518,4.0,18.0,30756.749406,8119.132806,"BRAKE DISC, UNVENTED",MB
MBA247 334 05 00,27,84.0,86.0,2.0,65,3.111111111111111,3.0,10.0,61716.948375,18613.360975,WHEEL BEARING,MB
MBA211 541 00 01,27,244.0,246.0,2.0,64,9.037037037037036,5.0,35.0,75624.221625,13683.851225,SUPPORT BATTERY,MB
MBA205 690 26 30,27,73.0,74.0,1.0,64,2.7037037037037037,2.0,6.0,33009.3456,5525.4557,WHEEL HOUSE COVERING,MB
CJ68433335AA,27,262.0,263.0,1.0,63,9.703703703703704,6.0,40.0,36055.0,6744.283100000001,"RETAINER & SEAL, CRANKSHAFT REAR OIL (JK",CJ
MBA230 997 03 46,27,140.0,142.0,2.0,63,5.185185185185185,4.0,23.0,15425.03476,2997.01916,026565/FA-SEALING RING,MB
MBA004 990 37 12,27,118.0,128.0,10.0,63,4.37037037037037,4.0,12.0,266.758,110.6622,SCREW,MB
MBA276 200 13 01/87,27,137.0,137.0,0.0,62,5.074074074074074,3.0,19.0,103330.89,14147.6808,028204/WATER PUMP,MB
MBA276 200 08 01/87,27,136.0,136.0,0.0,62,5.037037037037037,5.0,11.0,106880.7,15909.89,WATER PUMP,MB
CJ06104718AA,27,71.0,73.0,2.0,62,2.6296296296296298,2.0,12.0,1087.8600000000001,208.7991,NUT HEX FLANGE LOCK,CJ
MBA247 501 14 00,27,146.0,146.0,0.0,61,5.407407407407407,5.0,23.0,10539.26,2006.1089,027970/VENT LINE,MB
MBA222 240 78 00,27,89.0,95.0,6.0,61,3.2962962962962963,3.0,12.0,85734.887856,16151.551756,ENGINE MOUNT,MB
MBA222 505 04 40,27,122.0,122.0,0.0,60,4.518518518518518,3.0,16.0,11018.088,1896.1066,BRACKET,MB
CJ06513445AA,27,56.0,58.0,2.0,60,2.074074074074074,2.0,10.0,223.21,44.7532,NUT HEX NUT,CJ
CJ06104242AA,27,55.0,57.0,2.0,59,2.037037037037037,1.0,9.0,4557.16,564.9729,BOLT     HEX FLANGE HEAD,CJ
CJ06512425AA,27,55.0,57.0,2.0,59,2.037037037037037,1.0,9.0,456.52,88.2892,NUT HEX NUT - CONED WASHER,CJ
MBN000000 003648,27,268.0,273.0,5.0,58,9.925925925925926,6.0,42.0,2537.059509,1416.818309,SCREW,MB
MBA213 240 37 00,27,70.0,71.0,1.0,58,2.5925925925925926,2.0,6.0,31346.33349,7567.44029,027151/ENGINE MOUNT,MB
MBA221 320 03 69,27,68.0,76.0,8.0,57,2.5185185185185186,2.0,7.0,10461.36,2388.9925,FILTER,MB
MBA211 981 02 27/64,27,186.0,186.0,0.0,56,6.888888888888889,4.0,45.0,32267.9604,5061.0025,028434/WHEEL BEARING,MB
MBA099 725 00 00,27,51.0,59.0,8.0,56,1.8888888888888888,1.0,7.0,467.9999415,184.3599415,"028573/SEALING, DRIVER'S DOOR",MB
MBA000 997 78 04,27,42.0,42.0,0.0,56,1.5555555555555556,1.0,5.0,1527.026761,202.50576099999998,O-RING,MB
MBA206 885 92 01/  9999,27,54.0,54.0,0.0,54,2.0,2.0,6.0,166369.51635,68605.20215,"TRIM, BUMPER",MB
MBA278 203 04 17,27,125.0,125.0,0.0,52,4.62962962962963,4.0,16.0,16628.79,2820.858,VENT LINE,MB
MBA139 094 01 00/64,27,54.0,54.0,0.0,52,2.0,2.0,4.0,10572.25,5961.3363,AIR FILTER ELEMENT,MB
MBA166 333 01 00,27,250.0,250.0,0.0,51,9.25925925925926,6.0,39.0,15404.39358,2694.03488,027151/METAL BUSHING ELEMENT,MB
MBA166 240 60 17,27,182.0,182.0,0.0,51,6.7407407407407405,5.0,22.0,89832.805543,20241.149543,028131/ENGINE MOUNT,MB
CJ04891720AA,27,123.0,124.0,1.0,51,4.555555555555555,3.0,13.0,13421.866227,2615.145427,PULLEY IDLER,CJ
MBA222 505 02 61,27,104.0,104.0,0.0,51,3.8518518518518516,3.0,11.0,17910.984,3136.5404,AIR DUCT,MB
MBA205 830 90 02,27,67.0,67.0,0.0,51,2.4814814814814814,2.0,9.0,15138.015,3133.4598,WATER DEFLECTOR,MB
MBA167 500 66 00,27,56.0,57.0,1.0,51,2.074074074074074,2.0,5.0,9905.71476,1793.57476,028441/AIR DUCT SEGMENT,MB
MBA278 142 05 80,27,110.0,110.0,0.0,50,4.074074074074074,4.0,10.0,7203.86785552,1216.78155552,027551/MULTI-HOLE SEAL,MB
MBB6 6 95 4531/64,26,948.0,949.0,1.0,660,36.46153846153846,31.5,217.0,56378.986000000004,20627.456,CAP,MB
MBA270 016 00 80,26,726.0,729.0,3.0,208,27.923076923076923,23.0,91.0,12946.723757740001,1953.78925774,"029032/GASKET, CIRCUMFERENTIAL",MB
MBA002 989 08 08,26,186.0,192.0,6.0,197,7.153846153846154,6.0,27.0,29297.510953,12401.660953,LUBRICATING GREASE,MB
MBA102 159 01 13,26,182.0,187.75,5.75,195,7.0,1.5,33.0,917.22932375,87.04762374999999,PROTECTIVE TUBE,MB
CJ68218922UB,26,680.0,691.0,11.0,138,26.153846153846153,25.5,75.0,13250.8,4237.6802,OIL      5W30(DRUM-209LTR)(WS,CJ
MBA205 330 14 05,26,107.0,109.0,2.0,102,4.115384615384615,3.0,15.0,93542.0464905,27673.8906905,STRUT ROD,MB
MBA473 090 14 51,26,315.0,319.0,4.0,100,12.115384615384615,6.5,38.0,78251.150512,23920.855312,TS FILTER ELEMENT,MB
CJ52028898AI,26,203.0,203.0,0.0,95,7.8076923076923075,4.5,33.0,30344.35,4844.5413,THRMOSTATNONE,CJ
MBA206 330 66 04/64,26,310.0,310.0,0.0,91,11.923076923076923,10.0,41.0,57897.550652,10279.061352,"035582/REPAIR KIT, BOOT",MB
MBA278 200 06 15,26,425.0,425.0,0.0,79,16.346153846153847,12.0,51.0,253643.6205,35770.3461,027809/COOLANT THERMO. W HOUSING,MB
MBA177 869 01 00,26,167.0,168.0,1.0,78,6.423076923076923,5.5,17.0,45147.17432644,9577.44822644,027970/REFRIGERANT RESERVOIR,MB
MBA247 869 05 00,26,137.0,137.0,0.0,76,5.269230769230769,5.0,16.0,33728.6923,6599.9733,WASHER FLUID RESERVOIR,MB
MBA264 010 67 07,26,61.0,62.0,1.0,75,2.3461538461538463,2.0,10.0,170372.22419472,41683.26419472,"PARTS KIT, CYLINDER HEAD",MB
MBA223 421 00 00,26,155.0,157.0,2.0,74,5.961538461538462,5.0,18.0,68145.469992,23233.125192,021976/BRAKE DISK,MB
CJSP148183AD,26,760.0,760.0,0.0,72,29.23076923076923,17.0,136.0,28994.4,4604.6296,SPARK PLUG NONE,CJ
MBA205 880 00 27,26,479.0,489.0,10.0,69,18.423076923076923,14.5,109.0,29016.11616,6979.4758600000005,SPRING ELEMENT,MB
MBA260 018 17 00/64,26,49.0,50.0,1.0,63,1.8846153846153846,1.0,5.0,1452.6838025,108.8392025,ELASTOMER MOLDED SEAL,MB
MBA654 092 00 00,26,470.0,470.0,0.0,62,18.076923076923077,10.0,82.0,87223.62,11597.7752,"PARTS KIT, FILTER ELEMENT",MB
CJ05149077AB,26,86.0,90.0,4.0,61,3.3076923076923075,2.5,15.0,8025.0,1673.272,SENSOR COOLANT(WK/WL/JL),CJ
MBA260 142 23 00,26,48.0,49.0,1.0,61,1.8461538461538463,1.0,6.0,512.7690875,37.467287500000005,"METAL, SOFT-MAT., SEAL",MB
MBA003 993 42 96,26,176.0,176.0,0.0,60,6.769230769230769,5.0,35.0,16458.65,2823.0401,028134/POLY-V-BELT,MB
MBB6 6 04 3352,26,157.0,157.0,0.0,60,6.038461538461538,2.0,77.0,3646.575,1730.385,BALLPOINT PEN SILVER,MB
MBA000 991 76 95,26,114.0,118.0,4.0,59,4.384615384615385,3.0,18.0,2025.74499,798.92379,PLUG-IN MOUNTING,MB
MBA651 090 00 51,26,133.0,133.0,0.0,58,5.115384615384615,4.5,16.0,5717.345087,1511.352287,FILTER ELEMENT,MB
MBA002 990 64 03,26,108.0,114.0,6.0,58,4.153846153846154,4.0,12.0,4542.78535492,1887.72315492,SCREW W RND. HEXAL. HEAD,MB
MBA000 905 39 07,26,153.0,153.0,0.0,56,5.884615384615385,5.0,17.0,36808.428767,6232.055867,TIRE PRESSURE SENSOR,MB
MBA206 991 00 00,26,73.0,75.0,2.0,56,2.8076923076923075,2.0,8.0,1021.4115194999999,399.5614195,TRIM CLIP,MB
MBA223 356 01 00,26,44.0,50.0,6.0,56,1.6923076923076923,1.5,5.0,35270.51232,13794.52232,"030264/WHEEL BEARING, DRIVEN",MB
MBA272 141 08 80,26,296.0,296.0,0.0,55,11.384615384615385,4.5,55.0,6375.022946159999,1004.41104616,028143/GASKET,MB
MBA099 906 84 00,26,138.0,138.0,0.0,55,5.3076923076923075,5.0,12.0,5355.85551,1214.94351,028622/LICENSE PLATE LAMP,MB
MBA271 184 02 80,26,429.0,429.0,0.0,54,16.5,9.0,100.0,11749.414,1616.2708,028930/ELASTOMER MOLDED SEAL,MB
CJ53021585AD,26,110.0,110.0,0.0,54,4.230769230769231,4.0,13.0,7207.0,1445.9341,SEAL CRANKSHAFT OIL,CJ
MBA253 690 30 03,26,78.0,79.0,1.0,54,3.0,3.0,8.0,21311.4631,4220.5988,027970/WATER DEFLECTOR,MB
MBA000 470 50 00,26,74.0,74.0,0.0,54,2.8461538461538463,2.0,11.0,52446.514491,14265.132291,028367/ACTIVATED CHARCOAL FILTER,MB
MBA725 271 53 00/64,26,72.0,73.0,1.0,54,2.769230769230769,2.0,8.0,4574.2212595,725.6862595,ELASTOMER MOLDED SEAL,MB
MBA118 906 79 00,26,57.0,57.0,0.0,54,2.1923076923076925,2.0,4.0,34348.115,5839.8150000000005,028110/REAR LAMP COMBINATION,MB
MBA218 470 09 94,26,119.0,119.0,0.0,53,4.576923076923077,3.0,16.0,143597.956363,23501.148663,026958/SUCTION JET PUMP,MB
MBA014 997 71 92,26,101.0,101.0,0.0,53,3.8846153846153846,2.5,10.0,13884.46,2139.4646,028701/V-BELT,MB
MBA167 540 56 33,26,98.0,98.0,0.0,53,3.769230769230769,3.0,10.0,17293.67,2853.5128999999997,028272/ELECTRICAL WIRING HARNESS,MB
MBA000 500 19 86/80,26,81.0,81.0,0.0,53,3.1153846153846154,3.0,10.0,64707.320999999996,9988.0106,COOLANT PUMP,MB
MBA463 501 91 84,26,121.0,121.0,0.0,52,4.653846153846154,2.5,22.0,33493.6418,5695.2313,COOLANT HOSE,MB
MBA212 240 59 17/65,26,80.0,81.0,1.0,52,3.076923076923077,3.0,12.0,41966.3752,7378.6542,027294/ENGINE MOUNT,MB
MBA000 202 09 19,26,363.0,367.0,4.0,51,13.961538461538462,5.0,101.0,24212.069183940002,3462.67998394,GUIDE PULLEY,MB
MBA205 628 13 00,26,222.0,222.0,0.0,51,8.538461538461538,6.0,25.0,7917.924188,1452.562588,"SEALING, FR-END ASSEMBLY",MB
MBN000000 008270,26,128.0,137.0,9.0,51,4.923076923076923,3.5,12.0,2206.52211,1497.95981,NUT,MB
MBA157 203 02 17,26,119.0,119.0,0.0,51,4.576923076923077,3.0,22.0,17158.333,2735.7918,VENT LINE,MB
MBA223 905 40 00/  9999,26,67.0,72.0,5.0,51,2.576923076923077,2.0,7.0,31967.881502,11669.944502,DISTANCE SENSOR,MB
CJ68527781AB,26,59.0,64.0,5.0,51,2.269230769230769,2.5,5.0,20305.59,1947.607,SHOCK ABSORBER SUSPENSION,CJ
MBA213 880 20 08,26,118.0,119.0,1.0,50,4.538461538461538,3.0,12.0,11617.801802,2080.2219020000002,028277/CARRIER,MB
MBA222 628 01 98,26,65.0,65.0,0.0,50,2.5,3.0,6.0,11795.46,2175.7262,"SEALING, PARTITION",MB
MBA016 997 50 45,25,2789.0,2819.0,30.0,589,111.56,110.0,288.0,48065.1407595,12573.6776595,O-RING,MB
MBA000 727 13 00,25,95.0,110.0,15.0,118,3.8,4.0,9.0,50280.912106,18847.692106,DOOR SEAL,MB
MBA000 990 18 19,25,115.0,126.0,11.0,114,4.6,4.0,11.0,6836.55554,945.17244,026711/COMBI-SCREW W FEATURE,MB
CJ6002506260,25,103.0,106.0,3.0,109,4.12,3.0,13.0,114393.62,25655.0399,BATTERY STORAGE((BPH7A001AA),CJ
CJ68378949AA,25,240.0,240.0,0.0,93,9.6,9.0,21.0,38806.37,13419.7405,LUBRICANT GEAR (75W85) (JL),CJ
MBA004 995 75 77,25,405.0,432.0,27.0,90,16.2,10.0,73.0,2747.1192499999997,1155.83905,028585/LINE FASTENER,MB
CJSPLZFR5C11,25,1583.0,1583.0,0.0,87,63.32,36.0,238.0,20580.04,4141.5563999999995,SPARK PLUG NONE,CJ
MBA167 906 20 04/64,25,162.0,162.0,0.0,87,6.48,6.0,22.0,111981.998568,20593.668568,ACTUATOR,MB
CJ68596317AB,25,111.0,117.0,6.0,87,4.44,3.0,13.0,76995.0,12522.954,ADAPTER ENGINE OIL FILTER,CJ
MBA027 997 06 45,25,364.0,385.0,21.0,84,14.56,14.0,35.0,8662.7185135,3521.2140135,O-RING,MB
CJ68218892UB,25,460.0,479.0,19.0,78,18.4,13.0,58.0,8382.2769457,2605.1709457,OIL  5W20 (209 LTR DRUM)(WS),CJ
CJSP143877AB,25,1244.0,1260.0,16.0,74,49.76,48.0,160.0,69424.0,11211.9892,SPARK PLUG (WK),CJ
MBA472 078 04 80,25,1191.0,1209.0,18.0,70,47.64,24.0,412.0,29789.532182,5034.177782000001,METAL SEAL,MB
MBN072601 02470164,25,193.0,195.0,2.0,70,7.72,6.0,27.0,1241.2,826.7036,BULB,MB
MBA001 989 28 03/11,25,68.0,71.0,3.0,70,2.72,2.0,6.0,140379.81,75680.942,TRANSMISSION OIL,MB
MBA000 989 44 04/13FULW,25,191.0,195.0,4.0,69,7.64,2.0,98.0,39043.882946,8899.804946,TRANSMISSION FLUID,MB
MBA213 628 09 00,25,294.0,295.0,1.0,64,11.76,7.0,30.0,11338.355,1874.0662,"SEALING, FR-END ASSEMBLY",MB
CJ68400272AA,25,220.0,233.2,13.2,64,8.8,8.0,24.0,4059.484,682.9467999999999,BOLT KIT DRIVE SHAFT (JL),CJ
CJ05184596AE,25,108.0,111.0,3.0,64,4.32,2.0,22.0,1391.92,612.9007,GASKET CYLINDER HEAD COVE,CJ
MBA213 880 33 07,25,172.0,172.0,0.0,62,6.88,6.0,15.0,19109.322667,3610.972667,CARRIER,MB
MBA213 812 00 00/  9051,25,114.0,117.0,3.0,62,4.56,4.0,14.0,698.864839,225.591939,BRACKET,MB
MBA112 184 00 61,25,826.0,826.0,0.0,59,33.04,25.0,128.0,6743.127,1022.1842,027600/SEALING RING,MB
MBA212 830 03 96,25,136.0,136.0,0.0,59,5.44,5.0,10.0,13770.47,2642.742,HOSE,MB
MBA000 888 05 00,25,76.0,79.0,3.0,59,3.04,2.0,8.0,47488.3244,10230.8931,BASE PLATE,MB
MBA167 830 28 05,25,59.0,59.0,0.0,59,2.36,2.0,5.0,92346.394659,28473.684659,EVAPORATOR HOUSING,MB
MBA006 997 58 90,25,222.0,222.0,0.0,58,8.88,4.0,28.0,1707.364935,470.040735,027878/BINDER,MB
MBA206 885 42 02,25,56.0,57.0,1.0,58,2.24,2.0,7.0,9439.90949468,3877.00949468,TRIM,MB
MBA201 990 02 92/  9051,25,244.0,265.0,21.0,57,9.76,5.0,44.0,3279.364252,2287.186052,EXPANSION RIVET,MB
MBA177 887 06 00,25,184.0,184.0,0.0,57,7.36,6.0,20.0,5780.746999999999,1017.0765,028270/ENGINE HOOD SEAL,MB
MBA276 200 02 56,25,118.0,138.0,20.0,57,4.72,4.0,17.0,5847.304618,1088.165018,027082/COOLANT INLET CONNECTION,MB
MBA274 142 01 80,25,111.0,112.0,1.0,57,4.44,4.0,11.0,9474.155688,2037.885188,MULTI-HOLE SEAL,MB
MBA177 200 88 01,25,74.0,74.0,0.0,57,2.96,2.0,9.0,139168.826723,23562.831723,THERMOSTAT,MB
CJ05184331AC,25,657.0,687.0,30.0,56,26.28,12.0,150.0,2703.9,939.0992,GASKET   INTAKE MANIFOLD,CJ
MBA003 993 47 96,25,155.0,155.0,0.0,56,6.2,6.0,20.0,15822.33,2507.3094,POLY-V-BELT,MB
MBA206 620 96 01,25,133.0,133.0,0.0,56,5.32,4.0,14.0,5180.729688,1134.579688,MOUNTING PLATE,MB
MBA274 200 15 07,25,130.0,130.0,0.0,56,5.2,4.0,23.0,84570.217,12531.0124,COOLANT PUMP,MB
MBA167 540 38 37,25,113.0,114.0,1.0,56,4.52,4.0,13.0,19186.101664,3797.912464,ELECTRICAL WIRING HARNESS,MB
MBA282 098 03 00,25,192.0,196.0,4.0,55,7.68,8.0,20.0,13994.134554,1972.8805539999998,ELASTOMER MOLDED SEAL,MB
MBA206 885 41 02,25,53.0,54.0,1.0,55,2.12,2.0,7.0,8926.3536467,3703.5144467,TRIM,MB
CJ04627039AA,25,69.0,71.0,2.0,54,2.76,2.0,6.0,6275.83,2338.7167,PULLEY   IDLER,CJ
MBA260 200 39 00,25,96.0,96.0,0.0,53,3.84,2.0,10.0,21353.84,3594.2206,030401/BELT TENSIONER,MB
CJ68495977AA,25,79.0,81.0,2.0,52,3.16,3.0,12.0,9747.4,1977.05,TRANS BELT SERPENTINE,CJ
MBA177 860 02 00,25,65.0,65.0,0.0,52,2.6,2.0,9.0,14335.755000000001,2570.175,028950/HOSE LINE,MB
MBA222 880 01 01,25,59.0,59.0,0.0,52,2.36,2.0,5.0,11846.032,2344.4092,LICENSE PLATE HOLDER,MB
MBA222 500 09 49,25,123.0,123.0,0.0,51,4.92,4.0,22.0,32032.1,5261.0102,026976/EXPANSION RESERVOIR,MB
MBA000 420 88 04,25,117.0,118.0,1.0,51,4.68,4.0,11.0,51877.775721,8255.582421,DISK BRAKE PAD,MB
MBA212 830 23 00,25,122.0,127.0,5.0,50,4.88,5.0,15.0,9975.71,1794.2611,028111/HOSE LINE,MB
MBA001 993 83 96,25,110.0,110.0,0.0,50,4.4,3.0,13.0,15647.137357939999,2632.92765794,V-BELT,MB
MBA218 240 05 17/64,25,87.0,88.0,1.0,50,3.48,3.0,12.0,35648.18,5931.1275000000005,ENGINE MOUNT,MB
MBA221 820 91 10,25,72.0,74.0,2.0,50,2.88,2.0,12.0,2607.3849235,510.7142235,028111/SWITCH,MB
MBA206 885 08 03/  9999,25,46.0,48.0,2.0,50,1.84,1.0,4.0,161953.51372325,66651.90382325,"TRIM, BUMPER",MB
MBB6 6 95 3741,24,455.0,461.0,6.0,456,18.958333333333332,17.5,39.0,17273.625,5893.095,"KEY RING BRUSSELS, GOLD",MB
MBA270 016 00 80/64,24,400.0,402.0,2.0,180,16.666666666666668,9.0,69.0,7483.098792,1457.334192,"GASKET, CIRCUMFERENTIAL",MB
MBA247 240 54 00,24,111.0,113.0,2.0,98,4.625,5.0,10.0,44573.8306505,9239.2790505,TRANSMISSION MOUNT,MB
MBA960 830 08 18,24,135.0,140.0,5.0,96,5.625,4.0,32.0,34973.6,17802.3546,DUST FILTER,MB
MBA001 989 24 03/09,24,178.0,268.0,90.0,93,7.416666666666667,4.5,65.0,21831.259219,7321.593919,HYDRAULIC OIL,MB
MBA260 090 13 00,24,162.0,162.0,0.0,78,6.75,6.0,17.0,69419.264,14303.5487,AIR INTAKE HOSE,MB
CJ05184294AE,24,136.0,136.0,0.0,77,5.666666666666667,3.5,22.0,81701.35,16733.3833,ADAPTER  ENGINE OIL FILTE,CJ
MBA260 090 29 00,24,156.0,157.0,1.0,74,6.5,6.0,17.0,73616.35,15079.2234,DAMPER FILTER,MB
CJ68236162AB,24,67.0,68.3,1.3,73,2.7916666666666665,3.0,7.0,18257.328,1752.9338,ELASTIC PAD TRANSMISSION MOU(JL),CJ
MBA000 017 00 00,24,77.0,83.0,6.0,71,3.2083333333333335,3.5,6.0,2162.360745,740.375545,SEALING RING,MB
MBA260 090 20 00,24,122.0,122.0,0.0,69,5.083333333333333,5.0,11.0,35797.05,6707.4811,AIR INTAKE HOSE,MB
MBA000 352 00 76,24,394.0,403.0,9.0,63,16.416666666666668,9.5,125.0,1095.375984,185.416384,026711/WINDOW,MB
MBA222 333 38 00,24,103.0,107.0,4.0,63,4.291666666666667,3.0,25.0,39544.360918,11140.951618,026840/SPRING LINK BUSHING,MB
CJ06506497AA,24,197.0,214.2,17.2,62,8.208333333333334,7.0,24.0,2593.06,350.4136,BOLT HEX HEAD,CJ
MBA463 906 44 02,24,118.0,118.0,0.0,61,4.916666666666667,3.0,20.0,147724.753532,29400.174332,ACTUATOR,MB
MBA220 357 01 91,24,265.0,265.0,0.0,60,11.041666666666666,9.0,33.0,12148.039051,2421.452951,028111/BOOT,MB
CJ68218920UB,24,1290.0,1290.0,0.0,59,53.75,36.0,173.0,25031.0,4454.0,OIL 5W30,CJ
MBA222 504 40 40,24,116.0,116.0,0.0,59,4.833333333333333,4.5,11.0,6065.95,1056.8557,BRACKET,MB
MBA004 094 92 04,24,68.0,70.0,2.0,58,2.8333333333333335,3.0,8.0,65554.2,28476.6866,AIR FILTER INSERT,MB
CJ52108332AA,24,80.0,81.0,1.0,57,3.3333333333333335,3.0,11.0,5482.05,1237.1464,GASKET,CJ
MBA007 997 61 82,24,702.0,702.0,0.0,56,29.25,23.5,99.0,20858.115,3721.9561,028027/HOSE,MB
MBA177 690 33 01/64,24,104.0,104.0,0.0,56,4.333333333333333,3.5,12.0,10803.525,2036.4456,WATER DEFLECTOR,MB
MBA002 991 13 71,24,278.0,290.0,12.0,55,11.583333333333334,10.0,24.0,4877.374322,1650.650122,MOUNTING CLIP,MB
MBA000 420 67 03,24,86.0,86.0,0.0,54,3.5833333333333335,2.5,15.0,45112.494112500004,11102.2204125,DISK BRAKE PAD,MB
CJ52108325AA,24,66.0,67.0,1.0,54,2.75,2.0,8.0,6685.74,1540.5468,FILTER TRANS (D),CJ
MBA278 016 03 25,24,99.0,99.0,0.0,53,4.125,3.0,25.0,20294.989999999998,3126.0882,028143/CYLINDER HEAD GASKET,MB
MBA027 997 95 45,24,58.0,58.0,0.0,53,2.4166666666666665,2.0,7.0,505.2740165,189.1843165,O-RING,MB
MBA177 016 19 00,24,53.0,56.0,3.0,53,2.2083333333333335,2.0,7.0,1393.650819,412.704919,CIRCUMFERENTIAL GASKET,MB
MBA001 993 78 96,24,197.0,197.0,0.0,52,8.208333333333334,5.0,34.0,27468.7004,4451.2645,027508/POLY-V-BELT,MB
MBA222 830 35 96,24,162.0,162.0,0.0,52,6.75,7.0,14.0,22780.719394,4033.738894,028195/HOSE LINE,MB
MBA271 200 10 01/80,24,219.0,219.0,0.0,51,9.125,4.5,85.0,55885.536,7654.3212,WATER PUMP,MB
MBA447 820 54 00,24,215.0,216.0,1.0,51,8.958333333333334,4.5,65.0,26817.08,3825.3599,TS WIPER BLADE,MB
MBA022 997 97 45,24,62.0,62.0,0.0,51,2.5833333333333335,2.0,8.0,850.51809525,265.34359525,O-RING,MB
CJ04893804AB,24,57.0,60.0,3.0,51,2.375,2.0,13.0,4071.591,911.5857,GASKET   CYLINDER HEAD COVER (WK/JL),CJ
MBA006 990 70 12,24,238.0,240.0,2.0,50,9.916666666666666,10.0,23.0,784.085,186.20499999999998,028298/COMBI-HEXAGON HEAD BOLT,MB
MBA276 010 71 11,24,110.0,110.0,0.0,50,4.583333333333333,3.0,17.0,57828.53,9714.66,028753/OIL SEPARATOR,MB
MBA247 680 58 00,24,69.0,69.0,0.0,50,2.875,2.5,6.0,6139.235,1084.045,"028840/TRIM, FOOTWELL",MB
CJ68311108AE,24,41.0,42.7,1.7,50,1.7083333333333333,1.0,4.0,37964.871,7000.289,WATER PUMP WATER(WK),CJ
